big2catnormRead,chr,start,stop,Nameplus,Nameminus,threeprimeUTRoverlap,fiveprimeUTRoverlap,threeprimeUTR,fiveprimeUTR,exon,intron,transposableelement,ncRNApseudogenesmallRNA,chr,start,stop,IntervalSize,MaxGenomicHitbig2cat,MedianGenomicHitbig2cat,IntervalSerialNumber,UCSC_mirror,Link,NeatName,big2catnormRead,V063V0632normRead,V064V0642normRead,V065V0652normRead,V066V0662normRead,V097normRead,V098normRead,V0882normRead,V0892normRead,21mersbig2catnormRead,21mersV063V0632normRead,21mersV064V0642normRead,21mersV065V0652normRead,21mersV066V0662normRead,21mersV097normRead,21mersV098normRead,21mersV0882normRead,21mersV0892normRead,1hitsbig2catnormRead,1hitsV063V0632normRead,1hitsV064V0642normRead,1hitsV065V0652normRead,1hitsV066V0662normRead,1hitsV097normRead,1hitsV098normRead,1hitsV0882normRead,1hitsV0892normRead,1hits21mersbig2catnormRead,1hits21mersV063V0632normRead,1hits21mersV064V0642normRead,1hits21mersV065V0652normRead,1hits21mersV066V0662normRead,1hits21mersV097normRead,1hits21mersV098normRead,1hits21mersV0882normRead,1hits21mersV0892normRead,chr,start,stop,big2catplus,big2catminus,V063V0632plus,V063V0632minus,V064V0642plus,V064V0642minus,V065V0652plus,V065V0652minus,V066V0662plus,V066V0662minus,V097plus,V097minus,V098plus,V098minus,V0882plus,V0882minus,V0892plus,V0892minus,21mersbig2catplus,21mersbig2catminus,21mersV063V0632plus,21mersV063V0632minus,21mersV064V0642plus,21mersV064V0642minus,21mersV065V0652plus,21mersV065V0652minus,21mersV066V0662plus,21mersV066V0662minus,21mersV097plus,21mersV097minus,21mersV098plus,21mersV098minus,21mersV0882plus,21mersV0882minus,21mersV0892plus,21mersV0892minus,1hitsbig2catplus,1hitsbig2catminus,1hitsV063V0632plus,1hitsV063V0632minus,1hitsV064V0642plus,1hitsV064V0642minus,1hitsV065V0652plus,1hitsV065V0652minus,1hitsV066V0662plus,1hitsV066V0662minus,1hitsV097plus,1hitsV097minus,1hitsV098plus,1hitsV098minus,1hitsV0882plus,1hitsV0882minus,1hitsV0892plus,1hitsV0892minus,1hits21mersbig2catplus,1hits21mersbig2catminus,1hits21mersV063V0632plus,1hits21mersV063V0632minus,1hits21mersV064V0642plus,1hits21mersV064V0642minus,1hits21mersV065V0652plus,1hits21mersV065V0652minus,1hits21mersV066V0662plus,1hits21mersV066V0662minus,1hits21mersV097plus,1hits21mersV097minus,1hits21mersV098plus,1hits21mersV098minus,1hits21mersV0882plus,1hits21mersV0882minus,1hits21mersV0892plus,1hits21mersV0892minus,chr,start,stop,big2catnumberUniqueReadsInInterval,V063V0632numberUniqueReadsInInterval,V064V0642numberUniqueReadsInInterval,V065V0652numberUniqueReadsInInterval,V066V0662numberUniqueReadsInInterval,V097numberUniqueReadsInInterval,V098numberUniqueReadsInInterval,V0882numberUniqueReadsInInterval,V0892numberUniqueReadsInInterval,big2catnumberBasesCovered,V063V0632numberBasesCovered,V064V0642numberBasesCovered,V065V0652numberBasesCovered,V066V0662numberBasesCovered,V097numberBasesCovered,V098numberBasesCovered,V0882numberBasesCovered,V0892numberBasesCovered,big2catfractionInterval,V063V0632fractionInterval,V064V0642fractionInterval,V065V0652fractionInterval,V066V0662fractionInterval,V097fractionInterval,V098fractionInterval,V0882fractionInterval,V0892fractionInterval,21mersbig2catnumberUniqueReadsInInterval,21mersV063V0632numberUniqueReadsInInterval,21mersV064V0642numberUniqueReadsInInterval,21mersV065V0652numberUniqueReadsInInterval,21mersV066V0662numberUniqueReadsInInterval,21mersV097numberUniqueReadsInInterval,21mersV098numberUniqueReadsInInterval,21mersV0882numberUniqueReadsInInterval,21mersV0892numberUniqueReadsInInterval,21mersbig2catnumberBasesCovered,21mersV063V0632numberBasesCovered,21mersV064V0642numberBasesCovered,21mersV065V0652numberBasesCovered,21mersV066V0662numberBasesCovered,21mersV097numberBasesCovered,21mersV098numberBasesCovered,21mersV0882numberBasesCovered,21mersV0892numberBasesCovered,21mersbig2catfractionInterval,21mersV063V0632fractionInterval,21mersV064V0642fractionInterval,21mersV065V0652fractionInterval,21mersV066V0662fractionInterval,21mersV097fractionInterval,21mersV098fractionInterval,21mersV0882fractionInterval,21mersV0892fractionInterval,1hitsbig2catnumberUniqueReadsInInterval,1hitsV063V0632numberUniqueReadsInInterval,1hitsV064V0642numberUniqueReadsInInterval,1hitsV065V0652numberUniqueReadsInInterval,1hitsV066V0662numberUniqueReadsInInterval,1hitsV097numberUniqueReadsInInterval,1hitsV098numberUniqueReadsInInterval,1hitsV0882numberUniqueReadsInInterval,1hitsV0892numberUniqueReadsInInterval,1hitsbig2catnumberBasesCovered,1hitsV063V0632numberBasesCovered,1hitsV064V0642numberBasesCovered,1hitsV065V0652numberBasesCovered,1hitsV066V0662numberBasesCovered,1hitsV097numberBasesCovered,1hitsV098numberBasesCovered,1hitsV0882numberBasesCovered,1hitsV0892numberBasesCovered,1hitsbig2catfractionInterval,1hitsV063V0632fractionInterval,1hitsV064V0642fractionInterval,1hitsV065V0652fractionInterval,1hitsV066V0662fractionInterval,1hitsV097fractionInterval,1hitsV098fractionInterval,1hitsV0882fractionInterval,1hitsV0892fractionInterval,1hits21mersbig2catnumberUniqueReadsInInterval,1hits21mersV063V0632numberUniqueReadsInInterval,1hits21mersV064V0642numberUniqueReadsInInterval,1hits21mersV065V0652numberUniqueReadsInInterval,1hits21mersV066V0662numberUniqueReadsInInterval,1hits21mersV097numberUniqueReadsInInterval,1hits21mersV098numberUniqueReadsInInterval,1hits21mersV0882numberUniqueReadsInInterval,1hits21mersV0892numberUniqueReadsInInterval,1hits21mersbig2catnumberBasesCovered,1hits21mersV063V0632numberBasesCovered,1hits21mersV064V0642numberBasesCovered,1hits21mersV065V0652numberBasesCovered,1hits21mersV066V0662numberBasesCovered,1hits21mersV097numberBasesCovered,1hits21mersV098numberBasesCovered,1hits21mersV0882numberBasesCovered,1hits21mersV0892numberBasesCovered,1hits21mersbig2catfractionInterval,1hits21mersV063V0632fractionInterval,1hits21mersV064V0642fractionInterval,1hits21mersV065V0652fractionInterval,1hits21mersV066V0662fractionInterval,1hits21mersV097fractionInterval,1hits21mersV098fractionInterval,1hits21mersV0882fractionInterval,1hits21mersV0892fractionInterval
15.2499,chr2LHet,19935,21002,.,"CG12567-in,CG12567-u3,CG12567:11,CG12567:12,CG12567:14,CG12567:15,CG12567:18,CG12567:19,CG12567:3,CG12567:4,CG12567:7,CG12567:8",.,.,three_prime_UTR,.,exon,intron,.,.,chr2LHet,19935,21002,1067,4,2,9065,chr2LHet:19936-21002,http://10.60.70.183/cgi-bin/hgTracks?db=dm3&position=chr2LHet:19936-21002,chr2LHet:19936-21002,15.2499,0.5,6.3333,3.6667,4.7499,17.4999,18.9999,15.5832,8.4165,9.3333,0,5.3333,1.6667,2.3333,1,1,0.3333,2.3333,7,0,3,3,1,14,16,13,6,3,0,2,1,0,1,1,0,2,chr2LHet,19935,21002,3.1666,12.0833,0,0.5,2,4.3333,0,3.6667,1.1666,3.5833,0.6666,16.8333,0.6667,18.3332,3.9999,11.5833,1.3333,7.0832,2.8333,6.5,0,0,2,3.3333,0,1.6667,0.8333,1.5,0,1,0,1,0.3333,0,1,1.3333,1,6,0,0,1,2,0,3,0,1,0,14,0,16,3,10,1,5,1,2,0,0,1,1,0,1,0,0,0,1,0,1,0,0,1,1,chr2LHet,19935,21002,21,1,7,3,10,23,22,19,12,268,18,133,62,130,350,281,326,225,0.2512,0.0169,0.1246,0.0581,0.1218,0.328,0.2634,0.3055,0.2109,13,0,6,2,5,1,1,1,3,190,0,105,42,71,21,21,21,63,0.1781,0,0.0984,0.0394,0.0665,0.0197,0.0197,0.0197,0.059,6,0,3,2,1,13,14,12,6,105,0,70,41,23,212,184,186,122,0.0984,0,0.0656,0.0384,0.0216,0.1987,0.1724,0.1743,0.1143,3,0,2,1,0,1,1,0,2,57,0,42,21,0,21,21,0,42,0.0534,0,0.0394,0.0197,0,0.0197,0.0197,0,0.0394
12.6667,chr2LHet,23243,23542,.,CG12567-in,.,.,.,.,.,intron,.,.,chr2LHet,23243,23542,299,6,2,9070,chr2LHet:23244-23542,http://10.60.70.183/cgi-bin/hgTracks?db=dm3&position=chr2LHet:23244-23542,chr2LHet:23244-23542,12.6667,0,3.5,0,9.1667,3,1.5,2.5,5,8,0,2.5,0,5.5,1.5,0,1.5,2,0,0,0,0,0,0,0,0,2,0,0,0,0,0,0,0,0,0,chr2LHet,23243,23542,5.6667,7,0,0,1,2.5,0,0,4.6667,4.5,0.5,2.5,1,0.5,0,2.5,2,3,4,4,0,0,1,1.5,0,0,3,2.5,0,1.5,0,0,0,1.5,0.5,1.5,0,0,0,0,0,0,0,0,0,0,0,0,0,0,0,0,1,1,0,0,0,0,0,0,0,0,0,0,0,0,0,0,0,0,0,0,chr2LHet,23243,23542,22,0,4,0,18,5,3,5,7,117,0,54,0,117,67,57,79,120,0.3913,0,0.1806,0,0.3913,0.2241,0.1906,0.2642,0.4013,14,0,3,0,11,2,0,3,3,92,0,49,0,92,34,0,52,57,0.3077,0,0.1639,0,0.3077,0.1137,0,0.1739,0.1906,0,0,0,0,0,0,0,0,2,0,0,0,0,0,0,0,0,40,0,0,0,0,0,0,0,0,0.1338,0,0,0,0,0,0,0,0,0,0,0,0,0,0,0,0,0,0,0,0,0,0,0,0,0,0,0
24.5,chr2LHet,23610,24672,.,CG12567-in,.,.,.,.,.,intron,.,.,chr2LHet,23610,24672,1062,2,2,9072,chr2LHet:23611-24672,http://10.60.70.183/cgi-bin/hgTracks?db=dm3&position=chr2LHet:23611-24672,chr2LHet:23611-24672,24.5,0,11.5,0,13,4,1.5,3,1.5,20,0,10.5,0,9.5,0,0,1.5,1,0,0,0,0,0,3,1,0,0,0,0,0,0,0,0,0,0,0,chr2LHet,23610,24672,10.5,14,0,0,2.5,9,0,0,8,5,1,3,0.5,1,1.5,1.5,1,0.5,7,13,0,0,1.5,9,0,0,5.5,4,0,0,0,0,1.5,0,1,0,0,0,0,0,0,0,0,0,0,0,0,3,0,1,0,0,0,0,0,0,0,0,0,0,0,0,0,0,0,0,0,0,0,0,0,0,chr2LHet,23610,24672,39,0,15,0,25,5,2,6,3,361,0,208,0,305,126,54,105,66,0.3399,0,0.1959,0,0.2872,0.1186,0.0508,0.0989,0.0621,31,0,14,0,18,0,0,3,2,325,0,197,0,264,0,0,63,42,0.306,0,0.1855,0,0.2486,0,0,0.0593,0.0395,0,0,0,0,0,3,1,0,0,0,0,0,0,0,77,26,0,0,0,0,0,0,0,0.0725,0.0245,0,0,0,0,0,0,0,0,0,0,0,0,0,0,0,0,0,0,0,0,0,0,0,0,0,0,0,0,0
22.6429,chr2LHet,31199,31521,.,CG12567-in,.,.,.,.,.,intron,.,.,chr2LHet,31199,31521,322,7,2,9079,chr2LHet:31200-31521,http://10.60.70.183/cgi-bin/hgTracks?db=dm3&position=chr2LHet:31200-31521,chr2LHet:31200-31521,22.6429,2.5,10,0,10.1429,3.5,4,11,3.5,15,0,7,0,8,0.5,0,4,2,0,0,0,0,0,2,4,6,1,0,0,0,0,0,0,0,0,0,chr2LHet,31199,31521,10.5,12.1429,2,0.5,3.5,6.5,0,0,5,5.1429,1.5,2,0,4,4.5,6.5,2,1.5,6.5,8.5,0,0,1.5,5.5,0,0,5,3,0.5,0,0,0,3.5,0.5,1.5,0.5,0,0,0,0,0,0,0,0,0,0,0,2,0,4,1,5,0,1,0,0,0,0,0,0,0,0,0,0,0,0,0,0,0,0,0,0,chr2LHet,31199,31521,32,5,12,0,17,5,3,14,6,114,50,90,0,110,67,76,176,83,0.354,0.1553,0.2795,0,0.3416,0.2081,0.236,0.5466,0.2578,18,0,8,0,12,1,0,6,4,86,0,81,0,84,21,0,55,56,0.2671,0,0.2516,0,0.2609,0.0652,0,0.1708,0.1739,0,0,0,0,0,2,3,6,1,0,0,0,0,0,49,76,105,25,0,0,0,0,0,0.1522,0.236,0.3261,0.0776,0,0,0,0,0,0,0,0,0,0,0,0,0,0,0,0,0,0,0,0,0,0,0,0,0,0,0
41,chr2LHet,31578,31950,"CR44268-RA,CR44268-in,CR44268:1,CR44268:2",CG12567-in,.,.,.,.,exon,intron,.,ncRNA,chr2LHet,31578,31950,372,2,2,9080,chr2LHet:31579-31950,http://10.60.70.183/cgi-bin/hgTracks?db=dm3&position=chr2LHet:31579-31950,chr2LHet:31579-31950,41,1,9.5,1,29.5,11.5,11.5,22,14.5,33.5,0,8.5,0,25,4.5,0,5,4.5,9,0,0,1,8,6,11,8,9,8,0,0,0,8,3,0,0,2,chr2LHet,31578,31950,14,27,0,1,1.5,8,1,0,11.5,18,1.5,10,1,10.5,10.5,11.5,4,10.5,9.5,24,0,0,1,7.5,0,0,8.5,16.5,0,4.5,0,0,3.5,1.5,1.5,3,4,5,0,0,0,0,1,0,3,5,1,5,1,10,2,6,3,6,3,5,0,0,0,0,0,0,3,5,0,3,0,0,0,0,1,1,chr2LHet,31578,31950,33,1,11,1,26,15,11,29,17,139,23,62,23,136,146,123,178,158,0.3737,0.0618,0.1667,0.0618,0.3656,0.3925,0.3306,0.4785,0.4247,22,0,9,0,18,4,0,5,5,137,0,62,0,133,65,0,57,64,0.3683,0,0.1667,0,0.3575,0.1747,0,0.1532,0.172,6,0,0,1,5,5,10,7,9,111,0,0,23,88,114,97,113,144,0.2984,0,0,0.0618,0.2366,0.3065,0.2608,0.3038,0.3871,5,0,0,0,5,2,0,0,2,88,0,0,0,88,42,0,0,42,0.2366,0,0,0,0.2366,0.1129,0,0,0.1129
61,chr2LHet,32004,32926,.,"CG12567-in,CG12567-u5,CG12567:1,CG12567:13,CG12567:16,CG12567:5,CG12567:9",.,.,.,five_prime_UTR,exon,intron,.,.,chr2LHet,32004,32926,922,1,1,9081,chr2LHet:32005-32926,http://10.60.70.183/cgi-bin/hgTracks?db=dm3&position=chr2LHet:32005-32926,chr2LHet:32005-32926,61,6,22,1,32,28,19.5,25,15,37,1,19,0,17,8,0,12,4,61,6,22,1,32,28,19,25,15,37,1,19,0,17,8,0,12,4,chr2LHet,32004,32926,20,41,0,6,7,15,0,1,13,19,3,25,2,17.5,7,18,1,14,14,23,0,1,6,13,0,0,8,9,2,6,0,0,7,5,1,3,20,41,0,6,7,15,0,1,13,19,3,25,2,17,7,18,1,14,14,23,0,1,6,13,0,0,8,9,2,6,0,0,7,5,1,3,chr2LHet,32004,32926,48,6,14,1,31,23,18,22,14,523,107,250,22,383,306,217,313,182,0.5672,0.1161,0.2711,0.0239,0.4154,0.3319,0.2354,0.3395,0.1974,29,1,11,0,17,6,0,11,4,390,21,193,0,265,109,0,194,77,0.423,0.0228,0.2093,0,0.2874,0.1182,0,0.2104,0.0835,48,6,14,1,31,23,17,22,14,523,107,250,22,383,306,217,313,182,0.5672,0.1161,0.2711,0.0239,0.4154,0.3319,0.2354,0.3395,0.1974,29,1,11,0,17,6,0,11,4,390,21,193,0,265,109,0,194,77,0.423,0.0228,0.2093,0,0.2874,0.1182,0,0.2104,0.0835
57.5833,chr2LHet,34396,36188,.,.,.,.,.,.,.,.,.,.,chr2LHet,34396,36188,1792,6,1,9082,chr2LHet:34397-36188,http://10.60.70.183/cgi-bin/hgTracks?db=dm3&position=chr2LHet:34397-36188,chr2LHet:34397-36188,57.5833,3.6667,23.4167,0,30.5,64.3096,47.5,67.1166,34.7596,38.6666,1,14.1667,0,23.5,3.5596,5.25,9.6166,9.75,32,3,14,0,15,62,47,62,32,23,1,9,0,13,2,5,7,8,chr2LHet,34396,36188,31.0833,26.5,1,2.6667,13.25,10.1667,0,0,16.8333,13.6667,10.6429,53.6667,10.5,37,24.7,42.4166,14.7596,20,23.3333,15.3333,0,1,9,5.1667,0,0,14.3333,9.1667,1.8929,1.6667,0.25,5,4.2,5.4166,5.25,4.5,18,14,1,2,10,4,0,0,7,8,9,53,10,37,21,41,13,19,13,10,0,1,6,3,0,0,7,6,1,1,0,5,3,4,4,4,chr2LHet,34396,36188,50,5,23,0,26,55,35,64,37,607,119,314,0,337,667,454,716,457,0.3387,0.0664,0.1752,0,0.1881,0.3722,0.2533,0.3996,0.255,29,1,16,0,16,6,4,14,11,486,21,254,0,283,106,54,235,193,0.2712,0.0117,0.1417,0,0.1579,0.0592,0.0301,0.1311,0.1077,28,3,13,0,13,48,33,54,30,517,74,260,0,223,667,454,667,418,0.2885,0.0413,0.1451,0,0.1244,0.3722,0.2533,0.3722,0.2333,20,1,9,0,11,2,3,7,8,379,21,189,0,198,42,33,131,168,0.2115,0.0117,0.1055,0,0.1105,0.0234,0.0184,0.0731,0.0938
14.3333,chr2LHet,37501,37696,.,.,.,.,.,.,.,.,.,.,chr2LHet,37501,37696,195,3,1,9084,chr2LHet:37502-37696,http://10.60.70.183/cgi-bin/hgTracks?db=dm3&position=chr2LHet:37502-37696,chr2LHet:37502-37696,14.3333,1,6.6666,0,6.6667,12.3333,2,20,4,9.3333,0,3.6666,0,5.6667,1,0,0,1,13,1,6,0,6,12,2,20,4,8,0,3,0,5,1,0,0,1,chr2LHet,37501,37696,7.3333,7,0,1,3.6666,3,0,0,3.6667,3,1.3333,11,0,2,6,14,1,3,4.3333,5,0,0,1.6666,2,0,0,2.6667,3,0,1,0,0,0,0,1,0,6,7,0,1,3,3,0,0,3,3,1,11,0,2,6,14,1,3,3,5,0,0,1,2,0,0,2,3,0,1,0,0,0,0,1,0,chr2LHet,37501,37696,13,1,7,0,6,9,2,14,4,133,28,90,0,83,104,27,136,71,0.6821,0.1436,0.4615,0,0.4256,0.5333,0.1385,0.6974,0.3641,8,0,4,0,5,1,0,0,1,105,0,66,0,83,21,0,0,21,0.5385,0,0.3385,0,0.4256,0.1077,0,0,0.1077,11,1,5,0,5,8,2,14,4,133,28,85,0,83,85,27,136,71,0.6821,0.1436,0.4359,0,0.4256,0.4359,0.1385,0.6974,0.3641,6,0,2,0,4,1,0,0,1,104,0,42,0,82,21,0,0,21,0.5333,0,0.2154,0,0.4205,0.1077,0,0,0.1077
39,chr2LHet,39705,40068,.,.,.,.,.,.,.,.,.,.,chr2LHet,39705,40068,363,1,1,9092,chr2LHet:39706-40068,http://10.60.70.183/cgi-bin/hgTracks?db=dm3&position=chr2LHet:39706-40068,chr2LHet:39706-40068,39,1,13,0,25,19,2,18.5,16,31,0,13,0,18,1,0,2,4,39,1,13,0,25,19,2,18,16,31,0,13,0,18,1,0,2,4,chr2LHet,39705,40068,27,12,0,1,11,2,0,0,16,9,6,13,2,0,6.5,12,6,10,22,9,0,0,11,2,0,0,11,7,0,1,0,0,2,0,3,1,27,12,0,1,11,2,0,0,16,9,6,13,2,0,6,12,6,10,22,9,0,0,11,2,0,0,11,7,0,1,0,0,2,0,3,1,chr2LHet,39705,40068,32,1,9,0,24,14,2,19,15,240,20,156,0,182,141,53,235,176,0.6612,0.0551,0.4298,0,0.5014,0.3884,0.146,0.6474,0.4848,24,0,9,0,17,1,0,2,3,220,0,156,0,179,21,0,42,56,0.6061,0,0.4298,0,0.4931,0.0579,0,0.1157,0.1543,32,1,9,0,24,14,2,18,15,240,20,156,0,182,141,53,231,176,0.6612,0.0551,0.4298,0,0.5014,0.3884,0.146,0.6364,0.4848,24,0,9,0,17,1,0,2,3,220,0,156,0,179,21,0,42,56,0.6061,0,0.4298,0,0.4931,0.0579,0,0.1157,0.1543
26.5,chr2LHet,40147,40462,.,.,.,.,.,.,.,.,.,.,chr2LHet,40147,40462,315,2,1,9093,chr2LHet:40148-40462,http://10.60.70.183/cgi-bin/hgTracks?db=dm3&position=chr2LHet:40148-40462,chr2LHet:40148-40462,26.5,3,9.5,0,14,47,8,30.5,28,19.5,0,8.5,0,11,0,0,4,2,25,3,9,0,13,47,8,30,28,18,0,8,0,10,0,0,4,2,chr2LHet,40147,40462,14,12.5,0,3,6,3.5,0,0,8,6,2,45,0,8,5,25.5,4,24,11,8.5,0,0,5,3.5,0,0,6,5,0,0,0,0,1,3,1,1,14,11,0,3,6,3,0,0,8,5,2,45,0,8,5,25,4,24,11,7,0,0,5,3,0,0,6,4,0,0,0,0,1,3,1,1,chr2LHet,40147,40462,25,3,9,0,13,32,5,23,25,183,60,96,0,160,140,74,155,188,0.581,0.1905,0.3048,0,0.5079,0.4444,0.2349,0.4921,0.5968,18,0,8,0,10,0,0,2,2,176,0,92,0,140,0,0,42,42,0.5587,0,0.2921,0,0.4444,0,0,0.1333,0.1333,23,3,8,0,12,32,5,22,25,183,60,75,0,149,140,74,155,188,0.581,0.1905,0.2381,0,0.473,0.4444,0.2349,0.4921,0.5968,16,0,7,0,9,0,0,2,2,160,0,71,0,124,0,0,42,42,0.5079,0,0.2254,0,0.3937,0,0,0.1333,0.1333
1439.2902,chr2LHet,47091,47947,.,.,.,.,.,.,.,.,.,.,chr2LHet,47091,47947,856,47,1,9094,chr2LHet:47092-47947,http://10.60.70.183/cgi-bin/hgTracks?db=dm3&position=chr2LHet:47092-47947,chr2LHet:47092-47947,1439.2902,29.1254,583.6027,13.9641,812.5982,755.4474,469.0951,713.2916,819.3233,1047.9771,8.2111,456.8827,4.5227,578.3608,65.9287,15.5867,183.7237,200.1855,1327,25,545,13,744,683,439,655,742,965,8,428,4,525,61,14,166,183,chr2LHet,47091,47947,751.0795,688.2107,16.5143,12.6111,322.0824,261.5203,7.9414,6.0227,404.5414,408.0568,489.4045,266.0429,341.3811,127.714,448.7338,264.5578,415.9385,403.3848,552.5868,495.3903,6.1,2.1111,256.3327,200.55,2.5,2.0227,287.6541,290.7067,25.3759,40.5528,9.8228,5.7639,95.2404,88.4833,88.5963,111.5892,688,639,14,11,303,242,7,6,364,380,456,227,327,112,413,242,370,372,508,457,6,2,245,183,2,2,255,270,23,38,9,5,83,83,78,105,chr2LHet,47091,47947,735,37,329,15,540,547,321,577,677,851,472,824,255,839,806,714,849,804,0.9942,0.5514,0.9626,0.2979,0.9801,0.9416,0.8341,0.9918,0.9393,430,8,228,5,337,63,25,153,179,850,165,806,105,838,483,301,799,783,0.993,0.1928,0.9416,0.1227,0.979,0.5643,0.3516,0.9334,0.9147,543,22,256,11,397,347,194,402,468,759,353,683,203,723,752,658,793,743,0.8867,0.4124,0.7979,0.2371,0.8446,0.8785,0.7687,0.9264,0.868,323,6,181,3,249,41,13,116,130,736,126,663,63,720,368,224,663,645,0.8598,0.1472,0.7745,0.0736,0.8411,0.4299,0.2617,0.7745,0.7535
59.3263,chr2LHet,49861,50143,.,.,.,.,.,.,.,.,.,.,chr2LHet,49861,50143,282,51,5,9096,chr2LHet:49862-50143,http://10.60.70.183/cgi-bin/hgTracks?db=dm3&position=chr2LHet:49862-50143,chr2LHet:49862-50143,59.3263,1.5361,18.4622,2.0227,37.3055,148.795,62.5116,58.4042,128.1233,41.3877,0.2111,16.187,0.0227,24.967,13.9732,6.041,8.3995,17.282,35,1,10,2,22,97,39,33,93,21,0,9,0,12,8,4,4,11,chr2LHet,49861,50143,25.1829,34.1434,1.3,0.2361,5.1757,13.2865,2,0.0227,16.7072,20.5983,64.7525,84.0425,26.8527,35.6589,21.6107,36.7935,63.4165,64.7068,16.8571,24.5306,0.1,0.1111,4.1757,12.0113,0,0.0227,12.5814,12.3856,5.3635,8.6097,4.4234,1.6176,2.5029,5.8966,6.4981,10.7839,17,18,1,0,4,6,2,0,10,12,48,49,21,18,14,19,53,40,10,11,0,0,3,6,0,0,7,5,2,6,3,1,1,3,4,7,chr2LHet,49861,50143,95,5,33,2,72,226,126,145,189,258,90,222,44,255,279,273,273,280,0.9149,0.3191,0.7872,0.156,0.9043,0.9894,0.9681,0.9681,0.9929,64,2,25,1,49,25,13,26,37,258,42,219,21,247,203,120,184,226,0.9149,0.1489,0.7766,0.0745,0.8759,0.7199,0.4255,0.6525,0.8014,26,1,8,1,19,67,33,30,64,160,26,106,23,157,225,213,205,247,0.5674,0.0922,0.3759,0.0816,0.5567,0.7979,0.7553,0.727,0.8759,15,0,7,0,10,7,3,4,8,149,0,97,0,133,77,43,75,122,0.5284,0,0.344,0,0.4716,0.273,0.1525,0.266,0.4326
103.1909,chr2LHet,56085,56501,.,.,.,.,.,.,.,.,.,.,chr2LHet,56085,56501,416,51,14,9100,chr2LHet:56086-56501,http://10.60.70.183/cgi-bin/hgTracks?db=dm3&position=chr2LHet:56086-56501,chr2LHet:56086-56501,103.1909,6.1263,27.7969,0.9481,68.3197,265.9376,119.8225,108.2396,179.4271,69.7899,1.0947,19.3242,0.373,48.9983,23.8699,7.7347,16.6859,22.6953,0,0,0,0,0,0,0,0,0,0,0,0,0,0,0,0,0,0,chr2LHet,56085,56501,67.3003,35.8906,2.3281,3.7982,18.8733,8.9236,0.3667,0.5814,45.7324,22.5873,121.7134,144.2242,60.2721,59.5504,52.2051,56.0345,67.9636,111.4635,49.9822,19.8077,0.5911,0.5036,14.7215,4.6027,0.2556,0.1174,34.4141,14.5842,13.9967,9.8732,5.1771,2.5576,11.588,5.0979,15.74,6.9553,0,0,0,0,0,0,0,0,0,0,0,0,0,0,0,0,0,0,0,0,0,0,0,0,0,0,0,0,0,0,0,0,0,0,0,0,chr2LHet,56085,56501,329,44,125,12,233,593,344,354,495,407,303,373,105,406,392,384,400,403,0.9784,0.7284,0.8966,0.2524,0.976,0.9423,0.9231,0.9615,0.9688,169,6,73,5,137,73,32,67,105,398,126,345,75,397,321,278,321,333,0.9567,0.3029,0.8293,0.1803,0.9543,0.7716,0.6683,0.7716,0.8005,0,0,0,0,0,0,0,0,0,0,0,0,0,0,0,0,0,0,0,0,0,0,0,0,0,0,0,0,0,0,0,0,0,0,0,0,0,0,0,0,0,0,0,0,0,0,0,0,0,0,0,0,0,0
300.2289,chr2LHet,56937,57520,.,.,.,.,.,.,.,.,.,.,chr2LHet,56937,57520,583,7,5,9103,chr2LHet:56938-57520,http://10.60.70.183/cgi-bin/hgTracks?db=dm3&position=chr2LHet:56938-57520,chr2LHet:56938-57520,300.2289,11.4166,122.1885,0.8334,165.7907,374.9209,47.2759,149.1166,168.4373,215.3358,3.0167,95.9718,0.1667,116.1807,39.7095,1.1166,34.4476,39.5382,0,0,0,0,0,0,0,0,0,0,0,0,0,0,0,0,0,0,chr2LHet,56937,57520,159.4959,140.733,6.6333,4.7833,63.4718,58.7167,0.5,0.3334,88.8907,76.9,121.7119,253.209,16.7263,30.5496,54.0739,95.0427,62.5375,105.8998,111.6693,103.6665,1.7,1.3167,51.5717,44.4001,0,0.1667,58.3975,57.7832,19.5428,20.1667,0.6666,0.45,16.5713,17.8763,21.138,18.4002,0,0,0,0,0,0,0,0,0,0,0,0,0,0,0,0,0,0,0,0,0,0,0,0,0,0,0,0,0,0,0,0,0,0,0,0,chr2LHet,56937,57520,484,32,207,3,341,604,124,350,376,573,383,537,63,571,537,460,540,539,0.9828,0.6569,0.9211,0.1081,0.9794,0.9211,0.789,0.9262,0.9245,282,9,144,1,211,90,4,99,98,560,177,537,21,558,465,71,503,501,0.9605,0.3036,0.9211,0.036,0.9571,0.7976,0.1218,0.8628,0.8593,0,0,0,0,0,0,0,0,0,0,0,0,0,0,0,0,0,0,0,0,0,0,0,0,0,0,0,0,0,0,0,0,0,0,0,0,0,0,0,0,0,0,0,0,0,0,0,0,0,0,0,0,0,0
15.4331,chr2LHet,57787,57906,.,.,.,.,.,.,.,.,.,.,chr2LHet,57787,57906,119,5,5,9104,chr2LHet:57788-57906,http://10.60.70.183/cgi-bin/hgTracks?db=dm3&position=chr2LHet:57788-57906,chr2LHet:57788-57906,15.4331,0.2,8.3665,0,6.8666,1.0333,0,1.6666,1.3333,12.3498,0.2,6.7832,0,5.3666,0.3333,0,1.4666,1.3333,0,0,0,0,0,0,0,0,0,0,0,0,0,0,0,0,0,0,chr2LHet,57787,57906,11.5831,3.85,0.2,0,6.8165,1.55,0,0,4.5666,2.3,0.3333,0.7,0,0,0.8666,0.8,1.3333,0,9.7498,2.6,0.2,0,5.6332,1.15,0,0,3.9166,1.45,0.3333,0,0,0,0.8666,0.6,1.3333,0,0,0,0,0,0,0,0,0,0,0,0,0,0,0,0,0,0,0,0,0,0,0,0,0,0,0,0,0,0,0,0,0,0,0,0,0,chr2LHet,57787,57906,35,1,21,0,19,3,0,7,3,103,21,103,0,80,67,0,80,27,0.8655,0.1765,0.8655,0,0.6723,0.563,0,0.6723,0.2269,23,1,14,0,14,1,0,6,3,87,21,84,0,80,21,0,80,27,0.7311,0.1765,0.7059,0,0.6723,0.1765,0,0.6723,0.2269,0,0,0,0,0,0,0,0,0,0,0,0,0,0,0,0,0,0,0,0,0,0,0,0,0,0,0,0,0,0,0,0,0,0,0,0,0,0,0,0,0,0,0,0,0,0,0,0,0,0,0,0,0,0
142.0492,chr2LHet,58141,58516,.,.,.,.,.,.,.,.,.,.,chr2LHet,58141,58516,375,5,3,9106,chr2LHet:58142-58516,http://10.60.70.183/cgi-bin/hgTracks?db=dm3&position=chr2LHet:58142-58516,chr2LHet:58142-58516,142.0492,3.3166,77.183,0.3333,61.2161,59.2165,11.4166,34.0496,31.4831,109.1829,0.9166,64.5165,0.3333,43.4163,13.2999,0.5,12.9664,20.3499,0,0,0,0,0,0,0,0,0,0,0,0,0,0,0,0,0,0,chr2LHet,58141,58516,57.583,84.4662,2.2833,1.0333,35.9831,41.1999,0.3333,0,18.9831,42.233,4.9666,54.2499,0,11.4166,6.9666,27.083,7.4333,24.0498,41.7165,67.4664,0.5833,0.3333,28.8832,35.6333,0.3333,0,11.9165,31.4998,2.7666,10.5333,0,0.5,3.6333,9.3331,6.7333,13.6166,0,0,0,0,0,0,0,0,0,0,0,0,0,0,0,0,0,0,0,0,0,0,0,0,0,0,0,0,0,0,0,0,0,0,0,0,chr2LHet,58141,58516,189,9,104,1,112,92,23,86,60,358,164,347,21,337,284,196,310,272,0.9547,0.4373,0.9253,0.056,0.8987,0.7573,0.5227,0.8267,0.7253,123,3,80,1,72,22,1,33,33,346,56,331,21,327,221,21,266,258,0.9227,0.1493,0.8827,0.056,0.872,0.5893,0.056,0.7093,0.688,0,0,0,0,0,0,0,0,0,0,0,0,0,0,0,0,0,0,0,0,0,0,0,0,0,0,0,0,0,0,0,0,0,0,0,0,0,0,0,0,0,0,0,0,0,0,0,0,0,0,0,0,0,0
39.6664,chr2LHet,121379,121494,.,.,.,.,.,.,.,.,.,.,chr2LHet,121379,121494,115,4,3,9112,chr2LHet:121380-121494,http://10.60.70.183/cgi-bin/hgTracks?db=dm3&position=chr2LHet:121380-121494,chr2LHet:121380-121494,39.6664,0.75,4.0833,0,34.833,15.75,6.7499,20.1663,10.0832,26.0832,0,2.3333,0,23.7498,0.5,0,6.5832,0.5,0,0,0,0,0,0,0,0,0,0,0,0,0,0,0,0,0,0,chr2LHet,121379,121494,12,27.6664,0.75,0,2,2.0833,0,0,9.2499,25.5831,4,11.75,3.25,3.4999,11.5832,8.5831,2.75,7.3332,7.3334,18.7498,0,0,1,1.3333,0,0,6.3333,17.4165,0.25,0.25,0,0,4.1666,2.4166,0.5,0,0,0,0,0,0,0,0,0,0,0,0,0,0,0,0,0,0,0,0,0,0,0,0,0,0,0,0,0,0,0,0,0,0,0,0,0,chr2LHet,121379,121494,72,2,9,0,64,30,14,44,19,115,45,88,0,115,92,87,111,89,1,0.3913,0.7652,0,1,0.8,0.7565,0.9652,0.7739,46,0,6,0,43,2,0,15,1,115,0,81,0,115,42,0,106,21,1,0,0.7043,0,1,0.3652,0,0.9217,0.1826,0,0,0,0,0,0,0,0,0,0,0,0,0,0,0,0,0,0,0,0,0,0,0,0,0,0,0,0,0,0,0,0,0,0,0,0,0,0,0,0,0,0,0,0,0,0,0,0,0,0,0,0,0,0
16.1903,chr2LHet,121664,122019,.,.,.,.,.,.,.,.,.,.,chr2LHet,121664,122019,355,21,2,9113,chr2LHet:121665-122019,http://10.60.70.183/cgi-bin/hgTracks?db=dm3&position=chr2LHet:121665-122019,chr2LHet:121665-122019,16.1903,2.5,6,0,7.6903,13.8809,1.8333,10.4284,6.0951,12.4285,2,4.5,0,5.9285,1.5,0,1.4285,1.9285,6,2,2,0,2,7,1,4,1,5,2,1,0,2,1,0,1,0,chr2LHet,121664,122019,4.3333,11.857,0,2.5,3,3,0,0,1.3333,6.357,3.5,10.3809,0,1.8333,3.6666,6.7618,2.4999,3.5952,2.8333,9.5952,0,2,2,2.5,0,0,0.8333,5.0952,0,1.5,0,0,0,1.4285,1.3333,0.5952,2,4,0,2,2,0,0,0,0,2,1,6,0,1,1,3,0,1,1,4,0,2,1,0,0,0,0,2,0,1,0,0,0,1,0,0,chr2LHet,121664,122019,27,2,8,0,17,21,3,18,12,228,44,148,0,178,183,70,243,144,0.6423,0.1239,0.4169,0,0.5014,0.5155,0.1972,0.6845,0.4056,18,1,6,0,11,2,0,3,4,216,21,126,0,158,42,0,63,65,0.6085,0.0592,0.3549,0,0.4451,0.1183,0,0.1775,0.1831,5,1,2,0,2,7,1,4,1,70,21,41,0,42,86,24,75,25,0.1972,0.0592,0.1155,0,0.1183,0.2423,0.0676,0.2113,0.0704,4,1,1,0,2,1,0,1,0,67,21,21,0,42,21,0,21,0,0.1887,0.0592,0.0592,0,0.1183,0.0592,0,0.0592,0
34.5416,chr2LHet,130974,131284,.,.,.,.,.,.,.,.,.,.,chr2LHet,130974,131284,310,19,8,9125,chr2LHet:130975-131284,http://10.60.70.183/cgi-bin/hgTracks?db=dm3&position=chr2LHet:130975-131284,chr2LHet:130975-131284,34.5416,1.813,7.7253,0,25.0033,20.7126,2.3174,18.0522,6.8514,21.0261,0,5.9802,0,15.0459,2.5105,0,4.9895,2.3772,0,0,0,0,0,0,0,0,0,0,0,0,0,0,0,0,0,0,chr2LHet,130974,131284,24.1313,10.4103,1.313,0.5,6.9793,0.746,0,0,15.839,9.1643,19.5928,1.1198,1.6507,0.6667,13.42,4.6322,6.0168,0.8346,15.2633,5.7628,0,0,5.5559,0.4243,0,0,9.7074,5.3385,2.5105,0,0,0,2.6065,2.383,1.6195,0.7577,0,0,0,0,0,0,0,0,0,0,0,0,0,0,0,0,0,0,0,0,0,0,0,0,0,0,0,0,0,0,0,0,0,0,0,0,chr2LHet,130974,131284,124,6,31,0,97,72,10,68,34,253,132,214,0,246,226,170,252,208,0.8161,0.4258,0.6903,0,0.7935,0.729,0.5484,0.8129,0.671,69,0,22,0,57,8,0,18,14,249,0,210,0,244,124,0,173,174,0.8032,0,0.6774,0,0.7871,0.4,0,0.5581,0.5613,0,0,0,0,0,0,0,0,0,0,0,0,0,0,0,0,0,0,0,0,0,0,0,0,0,0,0,0,0,0,0,0,0,0,0,0,0,0,0,0,0,0,0,0,0,0,0,0,0,0,0,0,0,0
111.9666,chr2LHet,132497,133032,.,.,.,.,.,.,.,.,.,.,chr2LHet,132497,133032,535,8,2,9126,chr2LHet:132498-133032,http://10.60.70.183/cgi-bin/hgTracks?db=dm3&position=chr2LHet:132498-133032,chr2LHet:132498-133032,111.9666,3.5,36.9333,1,70.5333,88.8787,27.75,44.225,62.8929,77.5083,0,28.35,0.5,48.6583,7.95,0.5,16.625,8,0,0,0,0,0,0,0,0,0,0,0,0,0,0,0,0,0,0,chr2LHet,132497,133032,74.5083,37.4583,1.5,2,22.9333,14,0.5,0.5,49.575,20.9583,82.8787,6,27.25,0.5,31.7667,12.4583,60.3929,2.5,50.55,26.9583,0,0,16.35,12,0,0.5,34.2,14.4583,5.95,2,0.5,0,8.1667,8.4583,6.5,1.5,0,0,0,0,0,0,0,0,0,0,0,0,0,0,0,0,0,0,0,0,0,0,0,0,0,0,0,0,0,0,0,0,0,0,0,0,chr2LHet,132497,133032,158,6,51,2,112,118,41,80,81,483,126,313,33,473,412,268,441,388,0.9028,0.2355,0.585,0.0617,0.8841,0.7701,0.5009,0.8243,0.7252,98,0,39,1,71,14,1,32,13,463,0,276,21,451,215,21,307,193,0.8654,0,0.5159,0.0393,0.843,0.4019,0.0393,0.5738,0.3607,0,0,0,0,0,0,0,0,0,0,0,0,0,0,0,0,0,0,0,0,0,0,0,0,0,0,0,0,0,0,0,0,0,0,0,0,0,0,0,0,0,0,0,0,0,0,0,0,0,0,0,0,0,0
174.189,chr2LHet,133148,134878,.,.,.,.,.,.,.,.,.,.,chr2LHet,133148,134878,1730,49,2,9127,chr2LHet:133149-134878,http://10.60.70.183/cgi-bin/hgTracks?db=dm3&position=chr2LHet:133149-134878,chr2LHet:133149-134878,174.189,5.4959,37.0877,0.1122,131.4932,129.8877,21.965,111.4391,60.5543,122.2799,0.1523,27.9726,0.0581,94.097,17.9409,0.3214,34.867,15.3317,122,4,22,0,96,105,15,80,46,86,0,16,0,70,12,0,21,11,chr2LHet,133148,134878,84.3,89.889,2.281,3.2149,16.7523,20.3354,0.1122,0,65.1545,66.3387,102.1645,27.7232,16.0674,5.8976,58.9748,52.4643,38.848,21.7063,60.6557,61.6242,0.0833,0.069,12.5561,15.4165,0.0581,0,47.9582,46.1388,12.0182,5.9227,0.25,0.0714,14.3333,20.5337,7.9162,7.4155,56,66,1,3,8,14,0,0,47,49,82,23,11,4,38,42,27,19,41,45,0,0,5,11,0,0,36,34,8,4,0,0,8,13,5,6,chr2LHet,133148,134878,280,14,74,3,216,177,58,202,102,1319,153,574,26,1222,995,451,1162,759,0.7624,0.0884,0.3318,0.015,0.7064,0.5751,0.2607,0.6717,0.4387,168,2,46,2,140,28,2,61,33,1187,38,472,26,1095,402,37,629,460,0.6861,0.022,0.2728,0.015,0.6329,0.2324,0.0214,0.3636,0.2659,98,3,15,0,83,67,12,67,32,661,70,243,0,636,566,188,684,364,0.3821,0.0405,0.1405,0,0.3676,0.3272,0.1087,0.3954,0.2104,66,0,9,0,60,8,0,19,10,592,0,153,0,575,140,0,279,177,0.3422,0,0.0884,0,0.3324,0.0809,0,0.1613,0.1023
17.9167,chr2LHet,135175,135419,.,.,.,.,.,.,.,.,.,.,chr2LHet,135175,135419,244,4,2,9128,chr2LHet:135176-135419,http://10.60.70.183/cgi-bin/hgTracks?db=dm3&position=chr2LHet:135176-135419,chr2LHet:135176-135419,17.9167,0,1.8334,0,16.0833,71.1428,8,16.4166,31.4165,11.75,0,1.1667,0,10.5833,13.6666,0,7.25,7.8333,13,0,0,0,13,62,7,15,27,8,0,0,0,8,10,0,7,7,chr2LHet,135175,135419,7.75,10.1667,0,0,1.1667,0.6667,0,0,6.5833,9.5,54.8929,16.2499,2.5,5.5,5.25,11.1666,14.5833,16.8332,6.25,5.5,0,0,1.1667,0,0,0,5.0833,5.5,11.25,2.4166,0,0,3.25,4,5.5833,2.25,4,9,0,0,0,0,0,0,4,9,49,13,2,5,5,10,13,14,3,5,0,0,0,0,0,0,3,5,9,1,0,0,3,4,5,2,chr2LHet,135175,135419,21,0,3,0,19,77,10,16,34,177,0,45,0,173,224,123,168,177,0.7254,0,0.1844,0,0.709,0.918,0.5041,0.6885,0.7254,13,0,2,0,12,17,0,6,9,145,0,42,0,141,152,0,126,122,0.5943,0,0.1721,0,0.5779,0.623,0,0.5164,0.5,10,0,0,0,10,52,7,12,21,137,0,0,0,137,219,88,145,149,0.5615,0,0,0,0.5615,0.8975,0.3607,0.5943,0.6107,5,0,0,0,5,7,0,5,6,86,0,0,0,86,83,0,105,82,0.3525,0,0,0,0.3525,0.3402,0,0.4303,0.3361
24.4999,chr2LHet,142072,142193,.,.,.,.,.,.,.,.,.,.,chr2LHet,142072,142193,121,4,4,9135,chr2LHet:142073-142193,http://10.60.70.183/cgi-bin/hgTracks?db=dm3&position=chr2LHet:142073-142193,chr2LHet:142073-142193,24.4999,0.75,4,0,19.7499,12.3334,5.6666,15.6666,5.2499,16.9166,0,3.25,0,13.6666,0.5,0,3.3333,0.5,0,0,0,0,0,0,0,0,0,0,0,0,0,0,0,0,0,0,chr2LHet,142072,142193,6.5,17.9999,0.75,0,1,3,0,0,4.75,14.9999,4,8.3334,3.25,2.4166,7.75,7.9166,2.75,2.4999,4.5,12.4166,0,0,1,2.25,0,0,3.5,10.1666,0.25,0.25,0,0,1,2.3333,0.5,0,0,0,0,0,0,0,0,0,0,0,0,0,0,0,0,0,0,0,0,0,0,0,0,0,0,0,0,0,0,0,0,0,0,0,0,0,chr2LHet,142072,142193,56,2,10,0,45,23,13,35,11,115,45,95,0,110,106,103,109,79,0.9504,0.3719,0.7851,0,0.9091,0.876,0.8512,0.9008,0.6529,39,0,8,0,32,2,0,10,1,115,0,92,0,110,42,0,103,21,0.9504,0,0.7603,0,0.9091,0.3471,0,0.8512,0.1736,0,0,0,0,0,0,0,0,0,0,0,0,0,0,0,0,0,0,0,0,0,0,0,0,0,0,0,0,0,0,0,0,0,0,0,0,0,0,0,0,0,0,0,0,0,0,0,0,0,0,0,0,0,0
43.1294,chr2LHet,151513,152020,.,.,.,.,.,.,.,.,.,.,chr2LHet,151513,152020,507,91,27,9138,chr2LHet:151514-152020,http://10.60.70.183/cgi-bin/hgTracks?db=dm3&position=chr2LHet:151514-152020,chr2LHet:151514-152020,43.1294,0.3771,15.3893,1.1139,26.2486,22.9513,15.1605,47.3823,21.1005,35.3837,0.0901,13.7739,1.1,20.4193,2.8485,0.2366,9.4497,3.073,21,0,7,1,13,9,5,17,11,19,0,7,1,11,2,0,5,1,chr2LHet,151513,152020,14.6772,28.4522,0.1244,0.2527,3.042,12.3473,0,1.1139,11.5107,14.7379,3.1132,19.8381,1.29,13.8705,1.3459,46.0364,2.3786,18.7219,11.8902,23.4935,0,0.0901,2.9292,10.8447,0,1.1,8.961,11.4583,2,0.8485,0,0.2366,0.3959,9.0538,0.2283,2.8447,10,11,0,0,2,5,0,1,8,5,3,6,1,4,0,17,2,9,9,10,0,0,2,5,0,1,7,4,2,0,0,0,0,5,0,1,chr2LHet,151513,152020,169,9,70,3,126,56,31,135,78,382,121,273,47,355,294,212,346,305,0.7535,0.2387,0.5385,0.0927,0.7002,0.5799,0.4181,0.6824,0.6016,98,2,50,2,69,12,4,40,32,380,26,271,42,328,166,47,224,171,0.7495,0.0513,0.5345,0.0828,0.6469,0.3274,0.0927,0.4418,0.3373,20,0,6,1,13,9,5,15,9,185,0,85,21,141,158,118,199,142,0.3649,0,0.1677,0.0414,0.2781,0.3116,0.2327,0.3925,0.2801,18,0,6,1,11,2,0,5,1,179,0,85,21,135,42,0,85,21,0.3531,0,0.1677,0.0414,0.2663,0.0828,0,0.1677,0.0414
94,chr2LHet,152078,152746,.,.,.,.,.,.,.,.,.,.,chr2LHet,152078,152746,668,1,1,9139,chr2LHet:152079-152746,http://10.60.70.183/cgi-bin/hgTracks?db=dm3&position=chr2LHet:152079-152746,chr2LHet:152079-152746,94,2,26,0,66,12,3,27,11,62,1,15,0,46,3,0,11,7,94,2,26,0,66,12,3,27,11,62,1,15,0,46,3,0,11,7,chr2LHet,152078,152746,40,54,1,1,10,16,0,0,29,37,6,6,1,2,14,13,1,10,23,39,0,1,5,10,0,0,18,28,1,2,0,0,2,9,1,6,40,54,1,1,10,16,0,0,29,37,6,6,1,2,14,13,1,10,23,39,0,1,5,10,0,0,18,28,1,2,0,0,2,9,1,6,chr2LHet,152078,152746,76,2,19,0,59,9,3,24,11,473,44,235,0,418,133,61,291,161,0.7081,0.0659,0.3518,0,0.6257,0.1991,0.0913,0.4356,0.241,53,1,14,0,41,3,0,9,7,437,21,204,0,379,63,0,120,121,0.6542,0.0314,0.3054,0,0.5674,0.0943,0,0.1796,0.1811,76,2,19,0,59,9,3,24,11,473,44,235,0,418,133,61,291,161,0.7081,0.0659,0.3518,0,0.6257,0.1991,0.0913,0.4356,0.241,53,1,14,0,41,3,0,9,7,437,21,204,0,379,63,0,120,121,0.6542,0.0314,0.3054,0,0.5674,0.0943,0,0.1796,0.1811
33,chr2LHet,152939,153211,.,.,.,.,.,.,.,.,.,.,chr2LHet,152939,153211,272,1,1,9140,chr2LHet:152940-153211,http://10.60.70.183/cgi-bin/hgTracks?db=dm3&position=chr2LHet:152940-153211,chr2LHet:152940-153211,33,1,9,0,23,13,5,13,13,30,0,9,0,21,4,0,6,8,33,1,9,0,23,13,5,13,13,30,0,9,0,21,4,0,6,8,chr2LHet,152939,153211,13,20,0,1,2,7,0,0,11,12,4,9,1,4,6,7,8,5,12,18,0,0,2,7,0,0,10,11,1,3,0,0,3,3,6,2,13,20,0,1,2,7,0,0,11,12,4,9,1,4,6,7,8,5,12,18,0,0,2,7,0,0,10,11,1,3,0,0,3,3,6,2,chr2LHet,152939,153211,26,1,6,0,20,11,3,11,11,233,25,114,0,224,142,78,123,161,0.8566,0.0919,0.4191,0,0.8235,0.5221,0.2868,0.4522,0.5919,23,0,6,0,18,4,0,5,7,233,0,114,0,211,76,0,76,116,0.8566,0,0.4191,0,0.7757,0.2794,0,0.2794,0.4265,26,1,6,0,20,11,3,11,11,233,25,114,0,224,142,78,123,161,0.8566,0.0919,0.4191,0,0.8235,0.5221,0.2868,0.4522,0.5919,23,0,6,0,18,4,0,5,7,233,0,114,0,211,76,0,76,116,0.8566,0,0.4191,0,0.7757,0.2794,0,0.2794,0.4265
131,chr2LHet,153565,154904,.,.,.,.,.,.,.,.,.,.,chr2LHet,153565,154904,1339,1,1,9141,chr2LHet:153566-154904,http://10.60.70.183/cgi-bin/hgTracks?db=dm3&position=chr2LHet:153566-154904,chr2LHet:153566-154904,131,2,51,0,78,73,14,55.5,54,98,1,35,0,62,13,1,13.5,19,131,2,51,0,78,73,14,55,54,98,1,35,0,62,13,1,13,19,chr2LHet,153565,154904,75,56,1,1,32,19,0,0,42,36,22,51,4,10,16,39.5,20,34,55,43,1,0,24,11,0,0,30,32,7,6,0,1,9,4.5,12,7,75,56,1,1,32,19,0,0,42,36,22,51,4,10,16,39,20,34,55,43,1,0,24,11,0,0,30,32,7,6,0,1,9,4,12,7,chr2LHet,153565,154904,108,2,38,0,71,63,12,50,52,940,45,483,0,817,670,249,696,633,0.702,0.0336,0.3607,0,0.6102,0.5004,0.186,0.5198,0.4727,81,1,27,0,56,11,1,12,19,806,21,380,0,724,208,21,218,283,0.6019,0.0157,0.2838,0,0.5407,0.1553,0.0157,0.1628,0.2114,108,2,38,0,71,63,12,49,52,940,45,483,0,817,670,249,693,633,0.702,0.0336,0.3607,0,0.6102,0.5004,0.186,0.5176,0.4727,81,1,27,0,56,11,1,11,19,806,21,380,0,724,208,21,199,283,0.6019,0.0157,0.2838,0,0.5407,0.1553,0.0157,0.1486,0.2114
52.6666,chr2LHet,155218,155426,.,.,.,.,.,.,.,.,.,.,chr2LHet,155218,155426,208,3,1,9142,chr2LHet:155219-155426,http://10.60.70.183/cgi-bin/hgTracks?db=dm3&position=chr2LHet:155219-155426,chr2LHet:155219-155426,52.6666,0.5,17.5,0,34.6666,18,5,36,13.8333,27.6666,0,8,0,19.6666,0,0,15.5,4.3333,49,0,16,0,33,18,5,35,13,26,0,8,0,18,0,0,15,4,chr2LHet,155218,155426,35.1666,17.5,0.5,0,13.5,4,0,0,21.1666,13.5,3,15,0,5,13,23,6.8333,7,13.1666,14.5,0,0,4,4,0,0,9.1666,10.5,0,0,0,0,8.5,7,4.3333,0,32,17,0,0,12,4,0,0,20,13,3,15,0,5,12,23,6,7,12,14,0,0,4,4,0,0,8,10,0,0,0,0,8,7,4,0,chr2LHet,155218,155426,39,1,11,0,28,15,4,31,14,183,22,122,0,181,172,59,192,167,0.8798,0.1058,0.5865,0,0.8702,0.8269,0.2837,0.9231,0.8029,23,0,6,0,18,0,0,12,5,179,0,89,0,157,0,0,136,81,0.8606,0,0.4279,0,0.7548,0,0,0.6538,0.3894,33,0,10,0,24,15,4,29,12,166,0,110,0,164,172,59,188,158,0.7981,0,0.5288,0,0.7885,0.8269,0.2837,0.9038,0.7596,19,0,6,0,14,0,0,11,4,160,0,89,0,138,0,0,132,75,0.7692,0,0.4279,0,0.6635,0,0,0.6346,0.3606
28,chr2LHet,165522,165797,.,.,.,.,.,.,.,.,.,.,chr2LHet,165522,165797,275,2,1,9148,chr2LHet:165523-165797,http://10.60.70.183/cgi-bin/hgTracks?db=dm3&position=chr2LHet:165523-165797,chr2LHet:165523-165797,28,0,3,0,25,17,7,15,19,18,0,3,0,15,0,0,2,11,26,0,2,0,24,17,7,15,19,16,0,2,0,14,0,0,2,11,chr2LHet,165522,165797,8,20,0,0,0,3,0,0,8,17,9,8,4,3,7,8,9,10,4,14,0,0,0,3,0,0,4,11,0,0,0,0,0,2,5,6,8,18,0,0,0,2,0,0,8,16,9,8,4,3,7,8,9,10,4,12,0,0,0,2,0,0,4,10,0,0,0,0,0,2,5,6,chr2LHet,165522,165797,25,0,2,0,23,15,7,14,15,218,0,42,0,206,150,120,185,181,0.7927,0,0.1527,0,0.7491,0.5455,0.4364,0.6727,0.6582,16,0,2,0,14,0,0,2,8,184,0,42,0,172,0,0,42,137,0.6691,0,0.1527,0,0.6255,0,0,0.1527,0.4982,23,0,1,0,22,15,7,14,15,204,0,21,0,201,150,120,185,181,0.7418,0,0.0764,0,0.7309,0.5455,0.4364,0.6727,0.6582,14,0,1,0,13,0,0,2,8,170,0,21,0,167,0,0,42,137,0.6182,0,0.0764,0,0.6073,0,0,0.1527,0.4982
48,chr2LHet,165818,166167,.,.,.,.,.,.,.,.,.,.,chr2LHet,165818,166167,349,1,1,9149,chr2LHet:165819-166167,http://10.60.70.183/cgi-bin/hgTracks?db=dm3&position=chr2LHet:165819-166167,chr2LHet:165819-166167,48,2,15,1,30,48,8,31,22,31,0,6,0,25,4,1,7,2,48,2,15,1,30,48,8,31,22,31,0,6,0,25,4,1,7,2,chr2LHet,165818,166167,24,24,2,0,6,9,1,0,15,15,44,4,7,1,18,13,20,2,13,18,0,0,3,3,0,0,10,15,4,0,0,1,4,3,1,1,24,24,2,0,6,9,1,0,15,15,44,4,7,1,18,13,20,2,13,18,0,0,3,3,0,0,10,15,4,0,0,1,4,3,1,1,chr2LHet,165818,166167,38,2,9,1,26,29,8,31,21,313,32,173,22,268,291,191,304,223,0.8968,0.0917,0.4957,0.063,0.7679,0.8338,0.5473,0.8711,0.639,26,0,5,0,21,3,1,7,2,265,0,105,0,235,63,21,117,42,0.7593,0,0.3009,0,0.6734,0.1805,0.0602,0.3352,0.1203,38,2,9,1,26,29,8,31,21,313,32,173,22,268,291,191,304,223,0.8968,0.0917,0.4957,0.063,0.7679,0.8338,0.5473,0.8711,0.639,26,0,5,0,21,3,1,7,2,265,0,105,0,235,63,21,117,42,0.7593,0,0.3009,0,0.6734,0.1805,0.0602,0.3352,0.1203
161,chr2LHet,166523,168796,"Gpb5-in,Gpb5-u3,Gpb5-u5,Gpb5:1,Gpb5:2,Gpb5:3,Gpb5:4,Gpb5:5","CG40042-in,CG40042-u3,CG40042:1,CG40042:2,CG40042:3",.,.,three_prime_UTR,five_prime_UTR,exon,intron,.,.,chr2LHet,166523,168796,2273,9,1,9150,chr2LHet:166524-168796,http://10.60.70.183/cgi-bin/hgTracks?db=dm3&position=chr2LHet:166524-168796,chr2LHet:166524-168796,161,2,59.3333,3,96.6667,66.45,25.1667,81.5001,53,100.8333,0,34.3333,1,65.5,12.25,0,21.1667,11,160,2,59,3,96,65,25,80,53,100,0,34,1,65,12,0,21,11,chr2LHet,166523,168796,85.8333,75.1667,0,2,28.3333,31,1,2,56.5,40.1667,34.5,31.95,8,17.1667,35.5,46.0001,24,29,59.8333,41,0,0,19.3333,15,0,1,40.5,25,6,6.25,0,0,9,12.1667,8,3,85,75,0,2,28,31,1,2,56,40,34,31,8,17,35,45,24,29,59,41,0,0,19,15,0,1,40,25,6,6,0,0,9,12,8,3,chr2LHet,166523,168796,134,2,42,3,89,65,25,81,48,1465,43,705,76,1135,691,403,1028,663,0.6445,0.0189,0.3102,0.0334,0.4993,0.304,0.1773,0.4523,0.2917,85,0,26,1,60,12,0,22,11,1189,0,507,21,920,247,0,410,210,0.5231,0,0.2231,0.0092,0.4048,0.1087,0,0.1804,0.0924,131,2,41,3,87,61,24,77,48,1439,43,684,76,1114,672,381,1022,663,0.6331,0.0189,0.3009,0.0334,0.4901,0.2956,0.1676,0.4496,0.2917,83,0,25,1,59,11,0,21,11,1147,0,486,21,899,226,0,403,210,0.5046,0,0.2138,0.0092,0.3955,0.0994,0,0.1773,0.0924
21,chr2LHet,168819,169251,.,"CG40042-in,CG40042-u5,CG40042:4",.,.,.,five_prime_UTR,exon,intron,.,.,chr2LHet,168819,169251,432,1,1,9151,chr2LHet:168820-169251,http://10.60.70.183/cgi-bin/hgTracks?db=dm3&position=chr2LHet:168820-169251,chr2LHet:168820-169251,21,1,12,0,8,17,7,34,11,19,0,12,0,7,4,0,3,0,21,1,12,0,8,17,7,34,11,19,0,12,0,7,4,0,3,0,chr2LHet,168819,169251,8,13,1,0,3,9,0,0,4,4,2,15,0,7,4,30,0,11,7,12,0,0,3,9,0,0,4,3,2,2,0,0,2,1,0,0,8,13,1,0,3,9,0,0,4,4,2,15,0,7,4,30,0,11,7,12,0,0,3,9,0,0,4,3,2,2,0,0,2,1,0,0,chr2LHet,168819,169251,15,1,7,0,7,16,7,26,11,182,22,145,0,124,132,113,214,181,0.4213,0.0509,0.3356,0,0.287,0.3056,0.2616,0.4954,0.419,13,0,7,0,6,3,0,3,0,178,0,145,0,113,63,0,63,0,0.412,0,0.3356,0,0.2616,0.1458,0,0.1458,0,15,1,7,0,7,16,7,26,11,182,22,145,0,124,132,113,214,181,0.4213,0.0509,0.3356,0,0.287,0.3056,0.2616,0.4954,0.419,13,0,7,0,6,3,0,3,0,178,0,145,0,113,63,0,63,0,0.412,0,0.3356,0,0.2616,0.1458,0,0.1458,0
16,chr2LHet,169304,169894,.,.,.,.,.,.,.,.,.,.,chr2LHet,169304,169894,590,1,1,9152,chr2LHet:169305-169894,http://10.60.70.183/cgi-bin/hgTracks?db=dm3&position=chr2LHet:169305-169894,chr2LHet:169305-169894,16,1,0,0,15,5,1,11,0,12,0,0,0,12,0,0,0,0,16,1,0,0,15,5,1,11,0,12,0,0,0,12,0,0,0,0,chr2LHet,169304,169894,8,8,0,1,0,0,0,0,8,7,1,4,1,0,1,10,0,0,5,7,0,0,0,0,0,0,5,7,0,0,0,0,0,0,0,0,8,8,0,1,0,0,0,0,8,7,1,4,1,0,1,10,0,0,5,7,0,0,0,0,0,0,5,7,0,0,0,0,0,0,0,0,chr2LHet,169304,169894,15,1,0,0,14,5,1,8,0,224,26,0,0,224,76,24,113,0,0.3797,0.0441,0,0,0.3797,0.1288,0.0407,0.1915,0,11,0,0,0,11,0,0,0,0,182,0,0,0,182,0,0,0,0,0.3085,0,0,0,0.3085,0,0,0,0,15,1,0,0,14,5,1,8,0,224,26,0,0,224,76,24,113,0,0.3797,0.0441,0,0,0.3797,0.1288,0.0407,0.1915,0,11,0,0,0,11,0,0,0,0,182,0,0,0,182,0,0,0,0,0.3085,0,0,0,0.3085,0,0,0,0
77.8638,chr2LHet,170800,171660,.,.,.,.,.,.,.,.,.,.,chr2LHet,170800,171660,860,8,3,9155,chr2LHet:170801-171660,http://10.60.70.183/cgi-bin/hgTracks?db=dm3&position=chr2LHet:170801-171660,chr2LHet:170801-171660,77.8638,1.5,34.0212,0,42.3424,35.8332,13.8665,33.0665,31.4998,51.9712,0,24.2046,0,27.7664,2.8666,0,7.5666,4.0499,35,1,13,0,21,26,10,24,24,22,0,8,0,14,1,0,4,1,chr2LHet,170800,171660,39.6949,38.1689,0.25,1.25,13.6855,20.3357,0,0,25.7593,16.5831,5,30.8332,2.8333,11.0332,4.7332,28.3333,6.4832,25.0166,26.8355,25.1357,0,0,10.8689,13.3357,0,0,15.9665,11.7999,1.5,1.3666,0,0,2.8166,4.75,1.8999,2.15,14,21,0,1,2,11,0,0,12,9,1,25,2,8,1,23,3,21,9,13,0,0,2,6,0,0,7,7,1,0,0,0,1,3,0,1,chr2LHet,170800,171660,114,3,47,0,80,44,19,47,41,550,50,228,0,496,458,297,441,442,0.6395,0.0581,0.2651,0,0.5767,0.5326,0.3453,0.5128,0.514,69,0,33,0,49,6,0,15,11,484,0,199,0,438,91,0,191,134,0.5628,0,0.2314,0,0.5093,0.1058,0,0.2221,0.1558,30,1,8,0,21,24,10,23,21,373,23,131,0,286,315,226,313,336,0.4337,0.0267,0.1523,0,0.3326,0.3663,0.2628,0.364,0.3907,19,0,5,0,14,1,0,4,1,285,0,87,0,230,21,0,84,21,0.3314,0,0.1012,0,0.2674,0.0244,0,0.0977,0.0244
104.5095,chr2LHet,172809,174314,.,.,.,.,.,.,.,.,.,.,chr2LHet,172809,174314,1505,7,1,9156,chr2LHet:172810-174314,http://10.60.70.183/cgi-bin/hgTracks?db=dm3&position=chr2LHet:172810-174314,chr2LHet:172810-174314,104.5095,0.5,27.9264,0.6667,75.4166,43.1666,15.8333,55.1666,43.25,81.9762,0,24.893,0.6667,56.4166,7,0,7.4166,4.25,76,0,18,0,58,40,15,48,35,61,0,17,0,44,6,0,6,3,chr2LHet,172809,174314,35.6667,68.8428,0,0.5,14.8334,13.093,0,0.6667,20.8333,54.5833,16,27.1666,6.3333,9.5,10.1666,45,10.5,32.75,29.5,52.4762,0,0,12.8334,12.0596,0,0.6667,16.6666,39.75,1,6,0,0,1.3333,6.0833,2,2.25,26,50,0,0,10,8,0,0,16,42,16,24,6,9,9,39,8,27,22,39,0,0,9,8,0,0,13,31,1,5,0,0,1,5,1,2,chr2LHet,172809,174314,117,1,37,1,83,42,16,63,44,1040,22,451,21,903,514,341,726,628,0.691,0.0146,0.2997,0.014,0.6,0.3415,0.2266,0.4824,0.4173,88,0,30,1,61,6,0,10,6,965,0,425,21,828,126,0,210,126,0.6412,0,0.2824,0.014,0.5502,0.0837,0,0.1395,0.0837,67,0,15,0,52,36,14,45,31,849,0,281,0,742,471,291,562,572,0.5641,0,0.1867,0,0.493,0.313,0.1934,0.3734,0.3801,53,0,14,0,39,5,0,6,3,752,0,281,0,640,105,0,126,63,0.4997,0,0.1867,0,0.4252,0.0698,0,0.0837,0.0419
206.5211,chr2LHet,175510,178909,.,"CR42530-RA,CR42530-in,CR42530:1",.,.,.,.,exon,intron,.,pseudogene,chr2LHet,175510,178909,3399,38,16,9158,chr2LHet:175511-178909,http://10.60.70.183/cgi-bin/hgTracks?db=dm3&position=chr2LHet:175511-178909,chr2LHet:175511-178909,206.5211,4.8803,54.9693,1.4692,145.2035,192.0076,135.1423,285.0118,173.8024,151.8663,0.609,44.0606,0.4936,106.7041,9.4589,4.7149,35.7758,15.3234,52,1,17,0,34,20,14,60,17,43,0,13,0,30,2,2,6,1,chr2LHet,175510,178909,79.5419,126.9792,2.4364,2.4439,16.8097,38.1596,0.5466,0.9226,59.7492,85.4543,121.9894,70.0182,76.6084,58.5339,160.7878,124.224,98.6465,75.1559,58.5151,93.3512,0.2398,0.3692,11.3966,32.664,0.0833,0.4103,46.7953,59.9088,5.2844,4.1745,2.3374,2.3775,15.4606,20.3152,4.5937,10.7297,23,29,1,0,6,11,0,0,16,18,13,7,9,5,31,29,5,12,18,25,0,0,3,10,0,0,15,15,2,0,1,1,5,1,0,1,chr2LHet,175510,178909,1413,47,347,18,1136,1143,871,1730,1089,3029,797,2333,383,2905,2712,2547,2982,2577,0.8911,0.2345,0.6864,0.1127,0.8547,0.7979,0.7493,0.8773,0.7582,881,10,265,6,723,98,37,316,174,2951,194,2135,126,2808,1210,547,2343,1693,0.8682,0.0571,0.6281,0.0371,0.8261,0.356,0.1609,0.6893,0.4981,40,1,12,0,27,17,13,50,16,580,22,241,0,435,310,282,618,193,0.1706,0.0065,0.0709,0,0.128,0.0912,0.083,0.1818,0.0568,34,0,10,0,24,2,2,5,1,500,0,197,0,389,42,42,105,21,0.1471,0,0.058,0,0.1144,0.0124,0.0124,0.0309,0.0062
13.6591,chr2LHet,179230,179742,.,"CR42530-RA,CR42530-in,CR42530:2",.,.,.,.,exon,intron,.,pseudogene,chr2LHet,179230,179742,512,38,30,9159,chr2LHet:179231-179742,http://10.60.70.183/cgi-bin/hgTracks?db=dm3&position=chr2LHet:179231-179742,chr2LHet:179231-179742,13.6591,0.0741,4.1699,0.697,8.7184,9.841,10.5986,14.0772,10.7296,10.1341,0,3.8253,0.6667,5.6424,1.0246,0.275,2.0178,1.2218,0,0,0,0,0,0,0,0,0,0,0,0,0,0,0,0,0,0,chr2LHet,179230,179742,6.0234,7.6357,0,0.0741,1.4756,2.6943,0,0.697,4.5478,4.1706,1.2507,8.5903,1.3431,9.2555,7.3737,6.7035,2.9289,7.8007,4.7232,5.4109,0,0,1.4042,2.4211,0,0.6667,3.319,2.3234,0.0294,0.9952,0,0.275,0.7653,1.2525,0.1986,1.0232,0,0,0,0,0,0,0,0,0,0,0,0,0,0,0,0,0,0,0,0,0,0,0,0,0,0,0,0,0,0,0,0,0,0,0,0,chr2LHet,179230,179742,107,1,31,2,88,110,100,145,126,388,22,227,43,354,276,353,367,377,0.7578,0.043,0.4434,0.084,0.6914,0.5391,0.6895,0.7168,0.7363,69,0,25,1,57,17,5,26,16,347,0,212,21,320,86,35,196,166,0.6777,0,0.4141,0.041,0.625,0.168,0.0684,0.3828,0.3242,0,0,0,0,0,0,0,0,0,0,0,0,0,0,0,0,0,0,0,0,0,0,0,0,0,0,0,0,0,0,0,0,0,0,0,0,0,0,0,0,0,0,0,0,0,0,0,0,0,0,0,0,0,0
42.9186,chr2LHet,181113,181305,.,.,.,.,.,.,.,.,.,.,chr2LHet,181113,181305,192,12,8,9162,chr2LHet:181114-181305,http://10.60.70.183/cgi-bin/hgTracks?db=dm3&position=chr2LHet:181114-181305,chr2LHet:181114-181305,42.9186,4.5422,10.3885,0,27.9878,20.835,5.3818,31.7127,15.0176,25.5795,0.5,7.6547,0,17.4248,4.4195,0,6.664,4.3566,3,0,1,0,2,13,4,18,8,2,0,0,0,2,1,0,0,0,chr2LHet,181113,181305,22.9302,19.9884,1.8036,2.7386,7.2143,3.1742,0,0,13.9123,14.0755,1,19.835,0,5.3818,8.0775,23.6352,2.8929,12.1247,14.7203,10.8592,0,0.5,5.1964,2.4583,0,0,9.5239,7.9009,0.75,3.6695,0,0,2.6429,4.0211,1.625,2.7316,3,0,0,0,1,0,0,0,2,0,0,13,0,4,4,14,1,7,2,0,0,0,0,0,0,0,2,0,0,1,0,0,0,0,0,0,chr2LHet,181113,181305,75,15,24,0,60,42,12,66,37,91,57,62,0,88,118,134,132,108,0.474,0.2969,0.3229,0,0.4583,0.6146,0.6979,0.6875,0.5625,28,2,13,0,25,13,0,19,18,86,30,59,0,86,78,0,59,58,0.4479,0.1562,0.3073,0,0.4479,0.4062,0,0.3073,0.3021,3,0,1,0,2,11,4,15,4,64,0,22,0,42,96,90,132,80,0.3333,0,0.1146,0,0.2188,0.5,0.4688,0.6875,0.4167,2,0,0,0,2,1,0,0,0,42,0,0,0,42,21,0,0,0,0.2188,0,0,0,0.2188,0.1094,0,0,0
15.1979,chr2LHet,186103,186501,.,.,.,.,.,.,.,.,.,.,chr2LHet,186103,186501,398,11,8,9166,chr2LHet:186104-186501,http://10.60.70.183/cgi-bin/hgTracks?db=dm3&position=chr2LHet:186104-186501,chr2LHet:186104-186501,15.1979,1.4818,3.6656,0,10.0505,5.1861,2.525,29.3901,5.6945,7.9227,0.1,2.7929,0,5.0298,0.1,0,2.4889,1.0028,9,1,0,0,8,2,1,26,2,4,0,0,0,4,0,0,2,0,chr2LHet,186103,186501,8.8459,6.352,1.4818,0,3.0636,0.602,0,0,4.3005,5.75,2.4,2.7861,0.45,2.075,15.8596,13.5305,3.2334,2.4611,6.2985,1.6242,0.1,0,2.3909,0.402,0,0,3.8076,1.2222,0.1,0,0,0,2.2667,0.2222,0.7667,0.2361,4,5,1,0,0,0,0,0,3,5,2,0,0,1,15,11,2,0,3,1,0,0,0,0,0,0,3,1,0,0,0,0,2,0,0,0,chr2LHet,186103,186501,39,5,14,0,22,16,8,41,20,248,88,102,0,202,138,98,272,150,0.6231,0.2211,0.2563,0,0.5075,0.3467,0.2462,0.6834,0.3769,22,1,10,0,12,1,0,5,5,204,21,94,0,144,21,0,87,75,0.5126,0.0528,0.2362,0,0.3618,0.0528,0,0.2186,0.1884,8,1,0,0,7,2,1,19,2,96,22,0,0,93,48,26,170,51,0.2412,0.0553,0,0,0.2337,0.1206,0.0653,0.4271,0.1281,4,0,0,0,4,0,0,2,0,67,0,0,0,67,0,0,42,0,0.1683,0,0,0,0.1683,0,0,0.1055,0
19.114,chr2LHet,187284,187511,.,.,.,.,.,.,.,.,.,.,chr2LHet,187284,187511,227,11,2,9167,chr2LHet:187285-187511,http://10.60.70.183/cgi-bin/hgTracks?db=dm3&position=chr2LHet:187285-187511,chr2LHet:187285-187511,19.114,0.6,1.6111,0,16.9029,9.5,2.5,14.2818,7.5,15.2711,0,1.6111,0,13.66,1,0.5,7.2818,1,11,0,1,0,10,6,1,10,5,9,0,1,0,8,0,0,6,0,chr2LHet,187284,187511,13.014,6.1,0.5,0.1,1.1111,0.5,0,0,11.4029,5.5,4,5.5,0,2.5,8.7818,5.5,2,5.5,10.7711,4.5,0,0,1.1111,0.5,0,0,9.66,4,0,1,0,0.5,5.7818,1.5,0.5,0.5,9,2,0,0,1,0,0,0,8,2,4,2,0,1,8,2,1,4,8,1,0,0,1,0,0,0,7,1,0,0,0,0,5,1,0,0,chr2LHet,187284,187511,31,2,3,0,26,11,4,19,9,196,46,63,0,188,113,61,180,130,0.8634,0.2026,0.2775,0,0.8282,0.4978,0.2687,0.793,0.5727,23,0,3,0,20,2,1,9,2,170,0,63,0,162,35,21,121,42,0.7489,0,0.2775,0,0.7137,0.1542,0.0925,0.533,0.185,10,0,1,0,9,4,1,9,4,120,0,21,0,112,77,24,114,64,0.5286,0,0.0925,0,0.4934,0.3392,0.1057,0.5022,0.2819,8,0,1,0,7,0,0,5,0,94,0,21,0,86,0,0,57,0,0.4141,0,0.0925,0,0.3789,0,0,0.2511,0
12.3078,chr2LHet,188067,188162,.,.,.,.,.,.,.,.,.,.,chr2LHet,188067,188162,95,18,10,9169,chr2LHet:188068-188162,http://10.60.70.183/cgi-bin/hgTracks?db=dm3&position=chr2LHet:188068-188162,chr2LHet:188068-188162,12.3078,3,3.7589,0,5.5489,6.0956,2.5915,2.3838,4.6681,5.8347,0,1.668,0,4.1667,0.0714,0,0.5173,0.8078,11,3,3,0,5,4,0,1,1,5,0,1,0,4,0,0,0,0,chr2LHet,188067,188162,7.8134,4.4944,3,0,2.5911,1.1678,0,0,2.2223,3.3266,4.3415,1.7541,1.697,0.8945,1.9515,0.4323,3.2823,1.3858,1.7578,4.0769,0,0,0.5911,1.0769,0,0,1.1667,3,0.0714,0,0,0,0.3923,0.125,0.3976,0.4102,7,4,3,0,2,1,0,0,2,3,3,1,0,0,1,0,1,0,1,4,0,0,0,1,0,0,1,3,0,0,0,0,0,0,0,0,chr2LHet,188067,188162,19,1,7,0,12,15,13,18,26,78,22,60,0,75,77,42,47,47,0.8211,0.2316,0.6316,0,0.7895,0.8105,0.4421,0.4947,0.4947,10,0,5,0,6,1,0,6,7,72,0,59,0,58,21,0,38,37,0.7579,0,0.6211,0,0.6105,0.2211,0,0.4,0.3895,8,1,2,0,5,3,0,1,1,55,22,22,0,55,50,0,23,25,0.5789,0.2316,0.2316,0,0.5789,0.5263,0,0.2421,0.2632,5,0,1,0,4,0,0,0,0,49,0,21,0,44,0,0,0,0,0.5158,0,0.2211,0,0.4632,0,0,0,0
27.6667,chr2LHet,188253,188533,.,.,.,.,.,.,.,.,.,.,chr2LHet,188253,188533,280,6,2,9170,chr2LHet:188254-188533,http://10.60.70.183/cgi-bin/hgTracks?db=dm3&position=chr2LHet:188254-188533,chr2LHet:188254-188533,27.6667,3,9.5,0,15.1667,3,1.5,5.5,3,20,0,8.5,0,11.5,1.5,0,1.5,2,15,3,6,0,6,0,0,3,0,12,0,6,0,6,0,0,0,0,chr2LHet,188253,188533,13.6667,14,3,0,3,6.5,0,0,7.6667,7.5,0.5,2.5,1,0.5,1,4.5,1,2,9,11,0,0,3,5.5,0,0,6,5.5,0,1.5,0,0,0,1.5,0.5,1.5,8,7,3,0,2,4,0,0,3,3,0,0,0,0,1,2,0,0,5,7,0,0,2,4,0,0,3,3,0,0,0,0,0,0,0,0,chr2LHet,188253,188533,31,1,7,0,23,5,3,8,5,207,22,117,0,167,67,57,125,85,0.7393,0.0786,0.4179,0,0.5964,0.2393,0.2036,0.4464,0.3036,22,0,6,0,16,2,0,3,3,180,0,112,0,142,34,0,52,57,0.6429,0,0.4,0,0.5071,0.1214,0,0.1857,0.2036,9,1,3,0,5,0,0,3,0,108,22,63,0,68,0,0,69,0,0.3857,0.0786,0.225,0,0.2429,0,0,0.2464,0,8,0,3,0,5,0,0,0,0,106,0,63,0,68,0,0,0,0,0.3786,0,0.225,0,0.2429,0,0,0,0
16,chr2LHet,188556,188768,.,.,.,.,.,.,.,.,.,.,chr2LHet,188556,188768,212,1,1,9171,chr2LHet:188557-188768,http://10.60.70.183/cgi-bin/hgTracks?db=dm3&position=chr2LHet:188557-188768,chr2LHet:188557-188768,16,2,7,0,7,4.3333,1,3,2,12,0,7,0,5,2.3333,0,2,2,16,2,7,0,7,4,1,3,2,12,0,7,0,5,2,0,2,2,chr2LHet,188556,188768,16,0,2,0,7,0,0,0,7,0,4.3333,0,1,0,3,0,2,0,12,0,0,0,7,0,0,0,5,0,2.3333,0,0,0,2,0,2,0,16,0,2,0,7,0,0,0,7,0,4,0,1,0,3,0,2,0,12,0,0,0,7,0,0,0,5,0,2,0,0,0,2,0,2,0,chr2LHet,188556,188768,9,2,3,0,5,4,1,3,2,93,45,41,0,51,93,25,57,32,0.4387,0.2123,0.1934,0,0.2406,0.4387,0.1179,0.2689,0.1509,5,0,3,0,3,2,0,2,2,65,0,41,0,45,42,0,42,32,0.3066,0,0.1934,0,0.2123,0.1981,0,0.1981,0.1509,9,2,3,0,5,3,1,3,2,93,45,41,0,51,72,25,57,32,0.4387,0.2123,0.1934,0,0.2406,0.3396,0.1179,0.2689,0.1509,5,0,3,0,3,1,0,2,2,65,0,41,0,45,21,0,42,32,0.3066,0,0.1934,0,0.2123,0.0991,0,0.1981,0.1509
91,chr2LHet,188790,189976,.,.,.,.,.,.,.,.,.,.,chr2LHet,188790,189976,1186,2,1,9172,chr2LHet:188791-189976,http://10.60.70.183/cgi-bin/hgTracks?db=dm3&position=chr2LHet:188791-189976,chr2LHet:188791-189976,91,0,38.5,0,52.5,8,0.5,26,11.5,72,0,32.5,0,39.5,4,0,12.5,6,66,0,27,0,39,7,0,22,10,52,0,22,0,30,4,0,11,5,chr2LHet,188790,189976,43,48,0,0,15.5,23,0,0,27.5,25,3,5,0.5,0,9.5,16.5,5,6.5,32,40,0,0,11.5,21,0,0,20.5,19,1,3,0,0,7.5,5,4,2,32,34,0,0,13,14,0,0,19,20,2,5,0,0,7,15,4,6,25,27,0,0,10,12,0,0,15,15,1,3,0,0,6,5,3,2,chr2LHet,188790,189976,95,0,36,0,61,9,1,29,13,877,0,537,0,747,153,28,440,274,0.7395,0,0.4528,0,0.6298,0.129,0.0236,0.371,0.231,72,0,30,0,44,4,0,13,7,767,0,436,0,614,66,0,244,127,0.6467,0,0.3676,0,0.5177,0.0556,0,0.2057,0.1071,55,0,21,0,35,7,0,21,10,603,0,345,0,502,104,0,308,208,0.5084,0,0.2909,0,0.4233,0.0877,0,0.2597,0.1754,41,0,16,0,26,4,0,10,5,513,0,245,0,407,66,0,200,85,0.4325,0,0.2066,0,0.3432,0.0556,0,0.1686,0.0717
36.8444,chr2LHet,190244,190450,.,.,.,.,.,.,.,.,.,.,chr2LHet,190244,190450,206,10,1,9173,chr2LHet:190245-190450,http://10.60.70.183/cgi-bin/hgTracks?db=dm3&position=chr2LHet:190245-190450,chr2LHet:190245-190450,36.8444,0,8.4111,0,28.4333,21.125,8,34,10.1,26.2444,0,5.4111,0,20.8333,2.125,0,3,2.1,35,0,8,0,27,21,8,34,10,25,0,5,0,20,2,0,3,2,chr2LHet,190244,190450,27.8444,9,0,0,5.4111,3,0,0,22.4333,6,21.125,0,8,0,34,0,10.1,0,19.2444,7,0,0,3.4111,2,0,0,15.8333,5,2.125,0,0,0,3,0,2.1,0,26,9,0,0,5,3,0,0,21,6,21,0,8,0,34,0,10,0,18,7,0,0,3,2,0,0,15,5,2,0,0,0,3,0,2,0,chr2LHet,190244,190450,37,0,8,0,30,19,7,22,9,155,0,102,0,155,139,133,145,120,0.7524,0,0.4951,0,0.7524,0.6748,0.6456,0.7039,0.5825,26,0,6,0,21,3,0,3,3,155,0,90,0,155,54,0,63,62,0.7524,0,0.4369,0,0.7524,0.2621,0,0.3058,0.301,31,0,6,0,25,18,7,22,8,155,0,81,0,155,139,133,145,120,0.7524,0,0.3932,0,0.7524,0.6748,0.6456,0.7039,0.5825,22,0,4,0,18,2,0,3,2,152,0,69,0,152,42,0,63,42,0.7379,0,0.335,0,0.7379,0.2039,0,0.3058,0.2039
114,chr2LHet,190481,191248,.,.,.,.,.,.,.,.,.,.,chr2LHet,190481,191248,767,2,1,9174,chr2LHet:190482-191248,http://10.60.70.183/cgi-bin/hgTracks?db=dm3&position=chr2LHet:190482-191248,chr2LHet:190482-191248,114,7,56.5,1,49.5,45,8,55.5,28.5,78,3,45.5,0,29.5,11,0,21,15.5,110,7,54,1,48,45,8,55,28,74,3,43,0,28,11,0,21,15,chr2LHet,190481,191248,82.5,31.5,7,0,38.5,18,1,0,36,13.5,28,17,5,3,40,15.5,18,10.5,53.5,24.5,3,0,29.5,16,0,0,21,8.5,5,6,0,0,15,6,10,5.5,79,31,7,0,36,18,1,0,35,13,28,17,5,3,40,15,18,10,50,24,3,0,27,16,0,0,20,8,5,6,0,0,15,6,10,5,chr2LHet,190481,191248,86,3,35,1,48,42,7,48,28,614,66,351,25,494,403,129,469,341,0.8005,0.086,0.4576,0.0326,0.6441,0.5254,0.1682,0.6115,0.4446,58,1,30,0,28,11,0,17,16,558,21,338,0,423,141,0,274,213,0.7275,0.0274,0.4407,0,0.5515,0.1838,0,0.3572,0.2777,82,3,33,1,46,42,7,47,27,576,66,316,25,474,403,129,448,331,0.751,0.086,0.412,0.0326,0.618,0.5254,0.1682,0.5841,0.4316,54,1,28,0,26,11,0,17,15,518,21,303,0,401,141,0,274,192,0.6754,0.0274,0.395,0,0.5228,0.1838,0,0.3572,0.2503
250,chr2LHet,191359,192274,.,.,.,.,.,.,.,.,.,.,chr2LHet,191359,192274,915,2,1,9175,chr2LHet:191360-192274,http://10.60.70.183/cgi-bin/hgTracks?db=dm3&position=chr2LHet:191360-192274,chr2LHet:191360-192274,250,11,142,0,97,112,11.5,88,83,179,4,111,0,64,39,0,35,50.5,247,11,142,0,94,112,11,87,82,178,4,111,0,63,39,0,34,50,chr2LHet,191359,192274,197.5,52.5,6,5,113,29,0,0,78.5,18.5,91,21,9.5,2,68,20,61,22,142.5,36.5,2,2,86,25,0,0,54.5,9.5,35,4,0,0,27,8,39.5,11,196,51,6,5,113,29,0,0,77,17,91,21,9,2,67,20,60,22,142,36,2,2,86,25,0,0,54,9,35,4,0,0,26,8,39,11,chr2LHet,191359,192274,164,11,85,0,81,95,12,76,74,730,173,579,0,630,616,206,593,625,0.7978,0.1891,0.6328,0,0.6885,0.6732,0.2251,0.6481,0.6831,104,4,62,0,49,31,0,29,45,590,84,503,0,454,347,0,361,519,0.6448,0.0918,0.5497,0,0.4962,0.3792,0,0.3945,0.5672,158,11,85,0,75,95,11,74,72,727,173,579,0,602,616,182,588,625,0.7945,0.1891,0.6328,0,0.6579,0.6732,0.1989,0.6426,0.6831,102,4,62,0,47,31,0,27,44,590,84,503,0,448,347,0,356,498,0.6448,0.0918,0.5497,0,0.4896,0.3792,0,0.3891,0.5443
41.15,chr2LHet,192882,193221,.,.,.,.,.,.,.,.,.,.,chr2LHet,192882,193221,339,5,1,9177,chr2LHet:192883-193221,http://10.60.70.183/cgi-bin/hgTracks?db=dm3&position=chr2LHet:192883-193221,chr2LHet:192883-193221,41.15,2,23.15,0,16,11.5,4,14.5,17.75,31,1,18.5,0,11.5,2.25,0,6,5.25,33,2,17,0,14,9,4,13,16,25,1,14,0,10,2,0,6,4,chr2LHet,192882,193221,23.15,18,1,1,11.65,11.5,0,0,10.5,5.5,6,5.5,2,2,3.5,11,13.75,4,19,12,1,0,10,8.5,0,0,8,3.5,0,2.25,0,0,2,4,4.25,1,17,16,1,1,7,10,0,0,9,5,4,5,2,2,3,10,12,4,14,11,1,0,6,8,0,0,7,3,0,2,0,0,2,4,3,1,chr2LHet,192882,193221,40,2,19,0,19,12,3,15,19,283,40,182,0,216,154,78,213,261,0.8348,0.118,0.5369,0,0.6372,0.4543,0.2301,0.6283,0.7699,25,1,11,0,13,3,0,5,7,267,21,154,0,166,63,0,85,127,0.7876,0.0619,0.4543,0,0.4897,0.1858,0,0.2507,0.3746,27,2,11,0,14,9,3,12,15,253,40,163,0,185,122,78,165,258,0.7463,0.118,0.4808,0,0.5457,0.3599,0.2301,0.4867,0.7611,19,1,8,0,10,2,0,5,4,237,21,135,0,155,42,0,85,84,0.6991,0.0619,0.3982,0,0.4572,0.1239,0,0.2507,0.2478
46,chr2LHet,193400,194079,.,.,.,.,.,.,.,.,.,.,chr2LHet,193400,194079,679,2,1,9178,chr2LHet:193401-194079,http://10.60.70.183/cgi-bin/hgTracks?db=dm3&position=chr2LHet:193401-194079,chr2LHet:193401-194079,46,0,15.5,0,30.5,45.5,14,32,25.5,31,0,10,0,21,5.5,0,8.5,4.5,33,0,11,0,22,33,12,23,20,23,0,7,0,16,3,0,5,2,chr2LHet,193400,194079,22.5,23.5,0,0,5.5,10,0,0,17,13.5,17.5,28,5.5,8.5,3,29,8,17.5,16.5,14.5,0,0,4,6,0,0,12.5,8.5,1,4.5,0,0,2.5,6,1,3.5,15,18,0,0,3,8,0,0,12,10,13,20,5,7,1,22,7,13,11,12,0,0,2,5,0,0,9,7,0,3,0,0,1,4,0,2,chr2LHet,193400,194079,50,0,14,0,37,50,15,36,28,489,0,269,0,410,441,185,377,335,0.7202,0,0.3962,0,0.6038,0.6495,0.2725,0.5552,0.4934,33,0,10,0,24,7,0,9,6,433,0,183,0,364,117,0,127,124,0.6377,0,0.2695,0,0.5361,0.1723,0,0.187,0.1826,26,0,7,0,20,28,12,22,17,319,0,122,0,261,232,164,261,204,0.4698,0,0.1797,0,0.3844,0.3417,0.2415,0.3844,0.3004,18,0,5,0,14,3,0,4,1,261,0,78,0,222,63,0,56,21,0.3844,0,0.1149,0,0.327,0.0928,0,0.0825,0.0309
45.4861,chr2LHet,204704,204961,.,.,.,.,.,.,.,.,.,.,chr2LHet,204704,204961,257,10,7,9184,chr2LHet:204705-204961,http://10.60.70.183/cgi-bin/hgTracks?db=dm3&position=chr2LHet:204705-204961,chr2LHet:204705-204961,45.4861,0.8013,6.9537,0.3611,37.37,17.5013,17.4285,21.2958,12.0462,30.4338,0.125,4.1208,0.1111,26.0769,2.2283,0.1667,9.5872,3.116,7,0,3,0,4,8,5,7,6,4,0,1,0,3,0,0,3,1,chr2LHet,204704,204961,13.5058,31.9803,0.4346,0.3667,1.1667,5.787,0,0.3611,11.9046,25.4654,1.4982,16.0031,1.822,15.6065,6.6841,14.6117,1.3929,10.6533,10.3271,20.1067,0.125,0,1.1667,2.9541,0,0.1111,9.0355,17.0414,0.6886,1.5397,0.1667,0,3.6149,5.9723,0.25,2.866,0,7,0,0,0,3,0,0,0,4,0,8,0,5,1,6,1,5,0,4,0,0,0,1,0,0,0,3,0,0,0,0,0,3,0,1,chr2LHet,204704,204961,99,5,19,2,83,53,47,61,36,222,71,171,24,188,199,188,164,152,0.8638,0.2763,0.6654,0.0934,0.7315,0.7743,0.7315,0.6381,0.5914,63,1,14,1,55,13,1,26,13,197,21,142,21,173,102,21,104,121,0.7665,0.0817,0.5525,0.0817,0.6732,0.3969,0.0817,0.4047,0.4708,6,0,2,0,4,7,5,6,6,97,0,32,0,66,101,109,87,86,0.3774,0,0.1245,0,0.2568,0.393,0.4241,0.3385,0.3346,4,0,1,0,3,0,0,3,1,65,0,21,0,44,0,0,57,21,0.2529,0,0.0817,0,0.1712,0,0,0.2218,0.0817
199.6833,chr2LHet,205781,206175,.,.,.,.,.,.,.,.,.,.,chr2LHet,205781,206175,394,6,4,9185,chr2LHet:205782-206175,http://10.60.70.183/cgi-bin/hgTracks?db=dm3&position=chr2LHet:205782-206175,chr2LHet:205782-206175,199.6833,2.4,25.4502,1.75,170.0832,49.6833,33.8666,131.2,45.5001,124.2333,0,18.5335,0,105.6999,4.5167,2.2833,28.9832,15.3,13,0,1,0,12,23,11,56,17,9,0,0,0,9,1,1,5,5,chr2LHet,205781,206175,48.5833,151.1,0.25,2.15,5.0835,20.3667,0,1.75,43.2499,126.8333,18.95,30.7333,16.4167,17.4499,41.1333,90.0667,10.5834,34.9167,29.5666,94.6667,0,0,3.1668,15.3667,0,0,26.3999,79.3,1.2,3.3167,0,2.2833,6.9999,21.9833,2.25,13.05,4,9,0,0,1,0,0,0,3,9,11,12,6,5,20,36,4,13,3,6,0,0,0,0,0,0,3,6,1,0,0,1,3,2,1,4,chr2LHet,205781,206175,197,7,48,6,175,66,53,167,72,312,56,145,103,312,293,266,369,262,0.7919,0.1421,0.368,0.2614,0.7919,0.7437,0.6751,0.9365,0.665,82,0,29,0,78,9,5,39,24,285,0,119,0,285,114,85,203,161,0.7234,0,0.302,0,0.7234,0.2893,0.2157,0.5152,0.4086,12,0,1,0,11,19,10,40,12,168,0,20,0,167,219,181,328,156,0.4264,0,0.0508,0,0.4239,0.5558,0.4594,0.8325,0.3959,8,0,0,0,8,1,1,4,3,137,0,0,0,137,21,21,84,58,0.3477,0,0,0,0.3477,0.0533,0.0533,0.2132,0.1472
84.2493,chr2LHet,207266,208181,.,.,.,.,.,.,.,.,.,.,chr2LHet,207266,208181,915,4,3,9186,chr2LHet:207267-208181,http://10.60.70.183/cgi-bin/hgTracks?db=dm3&position=chr2LHet:207267-208181,chr2LHet:207267-208181,84.2493,5.6666,46.4997,0.8333,31.2494,76.2495,38.0828,23.7496,38.4994,64.0828,2,39.4997,0.3333,22.2495,5.5833,1.6666,8.7498,12.9999,54,5,28,0,21,65,31,19,31,42,2,26,0,14,4,1,6,11,chr2LHet,207266,208181,36.2497,47.9996,3.6666,2,19.6666,26.8331,0.5,0.3333,12.4164,18.833,41.6663,34.5832,25.3329,12.7499,17.4997,6.2499,15.7497,22.7497,27.0831,36.9997,0,2,16.9999,22.4998,0,0.3333,10.0831,12.1664,1.3333,4.25,1.6666,0,4.1665,4.5833,3.0833,9.9166,21,33,3,2,10,18,0,0,8,13,33,32,20,11,14,5,12,19,16,26,0,2,10,16,0,0,6,8,0,4,1,0,2,4,2,9,chr2LHet,207266,208181,103,6,52,2,46,78,45,31,52,736,123,564,40,496,709,478,471,581,0.8044,0.1344,0.6164,0.0437,0.5421,0.7749,0.5224,0.5148,0.635,75,1,41,1,35,8,3,13,16,695,21,523,21,435,110,45,213,274,0.7596,0.023,0.5716,0.023,0.4754,0.1202,0.0492,0.2328,0.2995,38,4,16,0,18,52,24,17,29,490,78,291,0,303,634,354,312,408,0.5355,0.0852,0.318,0,0.3311,0.6929,0.3869,0.341,0.4459,27,1,14,0,12,4,1,5,10,433,21,264,0,237,45,21,105,176,0.4732,0.023,0.2885,0,0.259,0.0492,0.023,0.1148,0.1923
20.1833,chr2LHet,208311,208558,.,.,.,.,.,.,.,.,.,.,chr2LHet,208311,208558,247,5,4,9187,chr2LHet:208312-208558,http://10.60.70.183/cgi-bin/hgTracks?db=dm3&position=chr2LHet:208312-208558,chr2LHet:208312-208558,20.1833,0,6.2667,0,13.9166,5.7,8.2833,6.4,7.3166,13.8833,0,6.0167,0,7.8666,1.7,2.2833,4.65,2.8166,6,0,3,0,3,3,4,0,3,4,0,3,0,1,0,0,0,1,chr2LHet,208311,208558,3.5833,16.6,0,0,0.5,5.7667,0,0,3.0833,10.8333,0.5,5.2,0.5333,7.75,0.45,5.95,0.75,6.5666,2.5833,11.3,0,0,0.5,5.5167,0,0,2.0833,5.7833,0,1.7,0.5333,1.75,0.2,4.45,0,2.8166,0,6,0,0,0,3,0,0,0,3,0,3,0,4,0,0,0,3,0,4,0,0,0,3,0,0,0,1,0,0,0,0,0,0,0,1,chr2LHet,208311,208558,33,0,9,0,28,8,16,17,19,163,0,104,0,132,98,120,38,118,0.6599,0,0.4211,0,0.5344,0.3968,0.4858,0.1538,0.4777,19,0,8,0,14,2,5,10,8,151,0,103,0,100,36,55,38,77,0.6113,0,0.417,0,0.4049,0.1457,0.2227,0.1538,0.3117,5,0,2,0,3,3,3,0,3,87,0,42,0,61,56,72,0,54,0.3522,0,0.17,0,0.247,0.2267,0.2915,0,0.2186,3,0,2,0,1,0,0,0,1,63,0,42,0,21,0,0,0,21,0.2551,0,0.17,0,0.085,0,0,0,0.085
10.0357,chr2LHet,208589,208767,.,.,.,.,.,.,.,.,.,.,chr2LHet,208589,208767,178,7,4.5,9188,chr2LHet:208590-208767,http://10.60.70.183/cgi-bin/hgTracks?db=dm3&position=chr2LHet:208590-208767,chr2LHet:208590-208767,10.0357,0.2,3.5,0,6.3357,0,3,3.5111,3.5333,9.4357,0.2,3.5,0,5.7357,0,0,1.5111,2.3333,4,0,2,0,2,0,3,3,3,4,0,2,0,2,0,0,1,2,chr2LHet,208589,208767,1.7357,8.3,0,0.2,0,3.5,0,0,1.7357,4.6,0,0,0,3,0.1111,3.4,3,0.5333,1.7357,7.7,0,0.2,0,3.5,0,0,1.7357,4,0,0,0,0,0.1111,1.4,2,0.3333,1,3,0,0,0,2,0,0,1,1,0,0,0,3,0,3,3,0,1,3,0,0,0,2,0,0,1,1,0,0,0,0,0,1,2,0,chr2LHet,208589,208767,12,1,3,0,8,0,3,6,5,86,21,35,0,84,0,55,62,67,0.4831,0.118,0.1966,0,0.4719,0,0.309,0.3483,0.3764,11,1,3,0,7,0,0,4,3,86,21,35,0,84,0,0,50,61,0.4831,0.118,0.1966,0,0.4719,0,0,0.2809,0.3427,3,0,1,0,2,0,3,3,3,46,0,21,0,42,0,55,41,40,0.2584,0,0.118,0,0.236,0,0.309,0.2303,0.2247,3,0,1,0,2,0,0,1,2,46,0,21,0,42,0,0,21,40,0.2584,0,0.118,0,0.236,0,0,0.118,0.2247
23.8805,chr2LHet,213460,213718,.,.,.,.,.,.,.,.,.,.,chr2LHet,213460,213718,258,10,7,9189,chr2LHet:213461-213718,http://10.60.70.183/cgi-bin/hgTracks?db=dm3&position=chr2LHet:213461-213718,chr2LHet:213461-213718,23.8805,0.125,9.7917,0.1111,13.8527,7.4698,2.1648,4.3333,6.241,16.2476,0.125,9.1588,0.1111,6.8527,1.6805,0,1.3333,1.9552,15,0,8,0,7,3,1,3,3,11,0,8,0,3,1,0,1,0,chr2LHet,213460,213718,4.0472,19.8333,0.125,0,1,8.7917,0,0.1111,2.9222,10.9305,0.1111,7.3587,0.7361,1.4287,0.1111,4.2222,1,5.241,4.0472,12.2004,0.125,0,1,8.1588,0,0.1111,2.9222,3.9305,0.1111,1.5694,0,0,0.1111,1.2222,0,1.9552,2,13,0,0,1,7,0,0,1,6,0,3,0,1,0,3,1,2,2,9,0,0,1,7,0,0,1,2,0,1,0,0,0,1,0,0,chr2LHet,213460,213718,37,1,14,1,23,18,7,9,14,157,21,145,21,129,126,80,88,112,0.6085,0.0814,0.562,0.0814,0.5,0.4884,0.3101,0.3411,0.4341,26,1,11,1,14,6,0,3,7,151,21,129,21,113,65,0,43,74,0.5853,0.0814,0.5,0.0814,0.438,0.2519,0,0.1667,0.2868,12,0,5,0,7,3,1,3,3,102,0,93,0,63,65,25,33,71,0.3953,0,0.3605,0,0.2442,0.2519,0.0969,0.1279,0.2752,8,0,5,0,3,1,0,1,0,100,0,93,0,51,21,0,21,0,0.3876,0,0.3605,0,0.1977,0.0814,0,0.0814,0
38.873,chr2LHet,235910,236389,.,.,.,.,.,.,.,.,.,.,chr2LHet,235910,236389,479,105,33,9192,chr2LHet:235911-236389,http://10.60.70.183/cgi-bin/hgTracks?db=dm3&position=chr2LHet:235911-236389,chr2LHet:235911-236389,38.873,0.5497,7.4268,0.2434,30.6523,35.6714,23.7287,44.8828,31.6839,29.3744,0.1785,5.999,0,23.1963,0.8362,0.4718,9.2623,4.123,0,0,0,0,0,0,1,1,0,0,0,0,0,0,0,0,1,0,chr2LHet,235910,236389,27.908,10.965,0.5234,0.0263,5.1164,2.3104,0.1809,0.0625,22.0867,8.5656,35.0657,0.6057,21.5154,2.2133,37.6468,7.236,29.2978,2.3861,21.4579,7.9165,0.1785,0,4.2071,1.7919,0,0,17.0719,6.1244,0.8039,0.0323,0.4177,0.0541,5.8065,3.4558,3.226,0.897,0,0,0,0,0,0,0,0,0,0,0,0,0,1,0,1,0,0,0,0,0,0,0,0,0,0,0,0,0,0,0,0,0,1,0,0,chr2LHet,235910,236389,366,9,108,4,314,198,179,404,272,463,127,412,92,449,418,425,475,425,0.9666,0.2651,0.8601,0.1921,0.9374,0.8727,0.8873,0.9916,0.8873,210,2,80,0,182,15,5,117,68,454,42,393,0,439,118,93,406,333,0.9478,0.0877,0.8205,0,0.9165,0.2463,0.1942,0.8476,0.6952,0,0,0,0,0,0,1,1,0,0,0,0,0,0,0,23,21,0,0,0,0,0,0,0,0.048,0.0438,0,0,0,0,0,0,0,0,1,0,0,0,0,0,0,0,0,21,0,0,0,0,0,0,0,0,0.0438,0
13.1998,chr2LHet,243882,244775,.,.,.,.,.,.,.,.,.,.,chr2LHet,243882,244775,893,5,3,9197,chr2LHet:243883-244775,http://10.60.70.183/cgi-bin/hgTracks?db=dm3&position=chr2LHet:243883-244775,chr2LHet:243883-244775,13.1998,0.5,5.1833,0,7.5165,1.9166,1,5.8332,1.1666,11.1165,0,4.6833,0,6.4332,0.3333,0,1.9166,0.6666,5,0,1,0,4,1,1,3,0,5,0,1,0,4,0,0,1,0,chr2LHet,243882,244775,8.1832,5.0166,0.5,0,2.8666,2.3167,0,0,4.8166,2.6999,1.5833,0.3333,1,0,5.1666,0.6666,0.5,0.6666,6.9332,4.1833,0,0,2.3666,2.3167,0,0,4.5666,1.8666,0,0.3333,0,0,1.25,0.6666,0,0.6666,4,1,0,0,1,0,0,0,3,1,1,0,1,0,3,0,0,0,4,1,0,0,1,0,0,0,3,1,0,0,0,0,1,0,0,0,chr2LHet,243882,244775,26,1,13,0,13,4,1,10,4,351,23,194,0,221,93,27,185,68,0.3931,0.0258,0.2172,0,0.2475,0.1041,0.0302,0.2072,0.0761,21,0,11,0,10,1,0,4,2,300,0,187,0,159,21,0,84,42,0.3359,0,0.2094,0,0.1781,0.0235,0,0.0941,0.047,4,0,1,0,3,1,1,3,0,70,0,21,0,49,24,27,75,0,0.0784,0,0.0235,0,0.0549,0.0269,0.0302,0.084,0,4,0,1,0,3,0,0,1,0,70,0,21,0,49,0,0,21,0,0.0784,0,0.0235,0,0.0549,0,0,0.0235,0
18.6094,chr2LHet,244877,245779,.,.,.,.,.,.,.,.,.,.,chr2LHet,244877,245779,902,7,3,9198,chr2LHet:244878-245779,http://10.60.70.183/cgi-bin/hgTracks?db=dm3&position=chr2LHet:244878-245779,chr2LHet:244878-245779,18.6094,0,10.8,0,7.8094,15.6831,4.5833,9.2999,9.3166,13.3761,0,8.05,0,5.3261,5.0833,0,2.15,3.2,4,0,2,0,2,6,1,2,0,3,0,2,0,1,4,0,0,0,chr2LHet,244877,245779,5.7095,12.8999,0,0,2.5833,8.2167,0,0,3.1262,4.6832,1.4166,14.2665,1.5,3.0833,3.5333,5.7666,2.5001,6.8165,4.9595,8.4166,0,0,2.5833,5.4667,0,0,2.3762,2.9499,1.0833,4,0,0,0.7,1.45,1.3334,1.8666,2,2,0,0,1,1,0,0,1,1,0,6,1,0,1,1,0,0,2,1,0,0,1,1,0,0,1,0,0,4,0,0,0,0,0,0,chr2LHet,244877,245779,42,0,23,0,20,27,9,20,24,449,0,297,0,277,271,165,257,277,0.4978,0,0.3293,0,0.3071,0.3004,0.1829,0.2849,0.3071,31,0,18,0,14,6,0,6,10,373,0,256,0,205,126,0,109,165,0.4135,0,0.2838,0,0.2273,0.1397,0,0.1208,0.1829,4,0,2,0,2,5,1,2,0,62,0,42,0,41,89,24,54,0,0.0687,0,0.0466,0,0.0455,0.0987,0.0266,0.0599,0,3,0,2,0,1,3,0,0,0,42,0,42,0,21,63,0,0,0,0.0466,0,0.0466,0,0.0233,0.0698,0,0,0
15,chr2LHet,245808,246365,.,.,.,.,.,.,.,.,.,.,chr2LHet,245808,246365,557,3,1,9199,chr2LHet:245809-246365,http://10.60.70.183/cgi-bin/hgTracks?db=dm3&position=chr2LHet:245809-246365,chr2LHet:245809-246365,15,0,6,0,9,7.6667,1,6.9998,3.9999,11.6667,0,4,0,7.6667,0,0,1.6666,0.3333,12,0,5,0,7,7,1,5,3,9,0,3,0,6,0,0,1,0,chr2LHet,245808,246365,5.6667,9.3333,0,0,1,5,0,0,4.6667,4.3333,2,5.6667,0,1,0.6666,6.3332,0.3333,3.6666,5.6667,6,0,0,1,3,0,0,4.6667,3,0,0,0,0,0,1.6666,0,0.3333,4,8,0,0,1,4,0,0,3,4,2,5,0,1,0,5,0,3,4,5,0,0,1,2,0,0,3,3,0,0,0,0,0,1,0,0,chr2LHet,245808,246365,16,0,6,0,10,7,1,11,6,242,0,108,0,192,180,25,206,125,0.4345,0,0.1939,0,0.3447,0.3232,0.0449,0.3698,0.2244,13,0,5,0,8,0,0,3,1,202,0,88,0,168,0,0,47,21,0.3627,0,0.158,0,0.3016,0,0,0.0844,0.0377,10,0,4,0,6,6,1,5,3,151,0,66,0,125,155,25,125,71,0.2711,0,0.1185,0,0.2244,0.2783,0.0449,0.2244,0.1275,8,0,3,0,5,0,0,1,0,111,0,46,0,105,0,0,21,0,0.1993,0,0.0826,0,0.1885,0,0,0.0377,0
70.4182,chr2LHet,250480,251232,.,.,.,.,.,.,.,.,.,.,chr2LHet,250480,251232,752,21,14,9203,chr2LHet:250481-251232,http://10.60.70.183/cgi-bin/hgTracks?db=dm3&position=chr2LHet:250481-251232,chr2LHet:250481-251232,70.4182,1.202,13.1015,0.1678,55.9467,37.6566,9.7142,69.4984,19.7062,51.9572,0.1985,9.9794,0.0769,41.7024,0.9407,0,14.2185,3.2194,26,0,7,0,19,17,2,15,8,22,0,5,0,17,0,0,5,1,chr2LHet,250480,251232,32.8,37.6182,0.7207,0.4813,8.1795,4.922,0.0769,0.0909,23.8228,32.1239,14.1619,23.4947,3.0129,6.7013,40.5125,28.9859,7.164,12.5422,21.7237,30.2335,0.0556,0.1429,5.3202,4.6592,0.0769,0,16.271,25.4314,0.7305,0.2102,0,0,7.6556,6.5629,1.4613,1.7581,14,12,0,0,5,2,0,0,9,10,2,15,0,2,6,9,0,8,11,11,0,0,3,2,0,0,8,9,0,0,0,0,3,2,0,1,chr2LHet,250480,251232,231,10,44,2,206,109,56,284,86,620,151,284,43,591,504,326,511,461,0.8245,0.2008,0.3777,0.0572,0.7859,0.6702,0.4335,0.6795,0.613,130,2,31,1,120,9,0,73,22,542,42,269,21,522,142,0,378,224,0.7207,0.0559,0.3577,0.0279,0.6941,0.1888,0,0.5027,0.2979,19,0,3,0,16,15,2,14,6,231,0,61,0,204,217,51,179,153,0.3072,0,0.0811,0,0.2713,0.2886,0.0678,0.238,0.2035,16,0,2,0,14,0,0,4,1,210,0,42,0,184,0,0,69,21,0.2793,0,0.0559,0,0.2447,0,0,0.0918,0.0279
141.8919,chr2LHet,254407,254565,.,.,.,.,.,.,.,.,.,.,chr2LHet,254407,254565,158,12,9,9204,chr2LHet:254408-254565,http://10.60.70.183/cgi-bin/hgTracks?db=dm3&position=chr2LHet:254408-254565,chr2LHet:254408-254565,141.8919,1.2354,16.6625,0.25,123.7439,21.3566,13.4325,72.8487,17.6094,96.2601,0.0833,12.8075,0,83.3692,4.032,0.254,26.5307,6.9837,0,0,0,0,0,0,0,0,0,0,0,0,0,0,0,0,0,0,chr2LHet,254407,254565,46.039,95.8529,0.5017,0.7337,5.0693,11.5932,0.25,0,40.2181,83.5258,10.5947,10.7619,6.2294,7.2031,32.0498,40.7989,9.0568,8.5526,32.4663,63.7938,0,0.0833,3.7977,9.0098,0,0,28.6687,54.7005,1.4032,2.6288,0.1111,0.1429,7.0792,19.4515,2.2318,4.7519,0,0,0,0,0,0,0,0,0,0,0,0,0,0,0,0,0,0,0,0,0,0,0,0,0,0,0,0,0,0,0,0,0,0,0,0,chr2LHet,254407,254565,281,10,79,1,247,86,66,264,96,158,117,158,28,158,157,158,156,155,1,0.7405,1,0.1772,1,0.9937,1,0.9873,0.981,140,1,54,0,128,26,2,82,41,158,21,158,0,158,140,42,154,152,1,0.1329,1,0,1,0.8861,0.2658,0.9747,0.962,0,0,0,0,0,0,0,0,0,0,0,0,0,0,0,0,0,0,0,0,0,0,0,0,0,0,0,0,0,0,0,0,0,0,0,0,0,0,0,0,0,0,0,0,0,0,0,0,0,0,0,0,0,0
465.9218,chr2LHet,254681,255603,.,.,.,.,.,.,.,.,.,.,chr2LHet,254681,255603,922,46,10,9205,chr2LHet:254682-255603,http://10.60.70.183/cgi-bin/hgTracks?db=dm3&position=chr2LHet:254682-255603,chr2LHet:254682-255603,465.9218,3.2145,41.1198,0.7297,420.8575,77.3634,52.4446,300.5899,51.0258,330.2946,0.6748,31.6263,0.438,297.5556,8.9077,0.7485,94.611,14.9538,6,0,0,0,6,4,1,12,1,4,0,0,0,4,0,0,4,0,chr2LHet,254681,255603,183.2188,282.703,1.8287,1.3858,12.6653,28.4545,0.438,0.2917,168.2872,252.5703,41.7358,35.6276,18.5162,33.9284,155.546,145.0439,24.0309,26.9949,131.8356,198.459,0.4021,0.2727,9.1584,22.4679,0.438,0,121.8376,175.718,2.4065,6.5012,0.1667,0.5818,35.6892,58.9218,4.9213,10.0325,3,3,0,0,0,0,0,0,3,3,2,2,0,1,6,6,1,0,1,3,0,0,0,0,0,0,1,3,0,0,0,0,2,2,0,0,chr2LHet,254681,255603,1109,30,201,5,1041,325,263,1105,291,804,361,725,110,779,746,676,843,769,0.872,0.3915,0.7863,0.1193,0.8449,0.8091,0.7332,0.9143,0.8341,549,7,145,3,522,55,4,343,98,779,130,691,63,775,496,65,778,680,0.8449,0.141,0.7495,0.0683,0.8406,0.538,0.0705,0.8438,0.7375,5,0,0,0,5,4,1,12,1,68,0,0,0,68,76,26,155,24,0.0738,0,0,0,0.0738,0.0824,0.0282,0.1681,0.026,3,0,0,0,3,0,0,4,0,48,0,0,0,48,0,0,63,0,0.0521,0,0,0,0.0521,0,0,0.0683,0
68.162,chr2LHet,255782,256355,.,.,.,.,.,.,.,.,.,.,chr2LHet,255782,256355,573,8,3,9207,chr2LHet:255783-256355,http://10.60.70.183/cgi-bin/hgTracks?db=dm3&position=chr2LHet:255783-256355,chr2LHet:255783-256355,68.162,2.8666,24.8465,0,40.4488,26.6345,5.6833,38.9023,17.0416,46.443,0,19.2286,0,27.2143,4.1345,0.2,10.7499,6.575,46,2,16,0,28,23,4,25,12,31,0,12,0,19,3,0,7,5,chr2LHet,255782,256355,43.6679,24.4941,2.8666,0,15.1798,9.6667,0,0,25.6214,14.8274,19.8012,6.8333,2.0333,3.65,21.8594,17.0429,8.4583,8.5833,28.0322,18.4108,0,0,11.5619,7.6667,0,0,16.4702,10.7441,2.8012,1.3333,0,0.2,5.9582,4.7917,1.575,5,28,18,2,0,8,8,0,0,18,10,17,6,1,3,12,13,4,8,18,13,0,0,6,6,0,0,12,7,2,1,0,0,3,4,0,5,chr2LHet,255782,256355,90,4,32,0,62,34,10,61,27,399,94,254,0,349,265,119,288,227,0.6963,0.164,0.4433,0,0.6091,0.4625,0.2077,0.5026,0.3962,57,0,24,0,40,8,1,16,10,349,0,217,0,300,122,21,156,83,0.6091,0,0.3787,0,0.5236,0.2129,0.0366,0.2723,0.1449,32,1,12,0,22,21,3,22,11,248,22,131,0,180,220,54,207,145,0.4328,0.0384,0.2286,0,0.3141,0.3839,0.0942,0.3613,0.2531,22,0,10,0,15,3,0,6,4,221,0,111,0,171,49,0,68,47,0.3857,0,0.1937,0,0.2984,0.0855,0,0.1187,0.082
10.3333,chr2LHet,256637,256952,.,.,.,.,.,.,.,.,.,.,chr2LHet,256637,256952,315,3,2,9208,chr2LHet:256638-256952,http://10.60.70.183/cgi-bin/hgTracks?db=dm3&position=chr2LHet:256638-256952,chr2LHet:256638-256952,10.3333,0,2.3333,0,8,10.5,4.5,9.5,6.5,6.3333,0,0.8333,0,5.5,0,0,0,2,5,0,1,0,4,8,4,8,5,3,0,0,0,3,0,0,0,1,chr2LHet,256637,256952,4.3333,6,0,0,0.8333,1.5,0,0,3.5,4.5,7.5,3,2,2.5,7.5,2,3,3.5,2.8333,3.5,0,0,0.3333,0.5,0,0,2.5,3,0,0,0,0,0,0,1.5,0.5,1,4,0,0,0,1,0,0,1,3,5,3,2,2,7,1,2,3,1,2,0,0,0,0,0,0,1,2,0,0,0,0,0,0,1,0,chr2LHet,256637,256952,16,0,4,0,12,9,4,10,8,153,0,70,0,121,135,92,164,122,0.4857,0,0.2222,0,0.3841,0.4286,0.2921,0.5206,0.3873,10,0,2,0,8,0,0,0,3,116,0,42,0,106,0,0,0,63,0.3683,0,0.1333,0,0.3365,0,0,0,0.2,5,0,1,0,4,7,3,7,5,100,0,22,0,78,108,75,136,102,0.3175,0,0.0698,0,0.2476,0.3429,0.2381,0.4317,0.3238,3,0,0,0,3,0,0,0,1,63,0,0,0,63,0,0,0,21,0.2,0,0,0,0.2,0,0,0,0.0667
13.1591,chr2LHet,271072,271560,"CR41519-RC,CR41519:1",.,.,.,.,.,exon,.,.,pseudogene,chr2LHet,271072,271560,488,38,30,9214,chr2LHet:271073-271560,http://10.60.70.183/cgi-bin/hgTracks?db=dm3&position=chr2LHet:271073-271560,chr2LHet:271073-271560,13.1591,0.0741,4.1699,0.697,8.2184,9.841,10.5986,14.0772,10.7296,9.6341,0,3.8253,0.6667,5.1424,1.0246,0.275,2.0178,1.2218,0,0,0,0,0,0,0,0,0,0,0,0,0,0,0,0,0,0,chr2LHet,271072,271560,7.6357,5.5234,0.0741,0,2.6943,1.4756,0.697,0,4.1706,4.0478,8.5903,1.2507,9.2555,1.3431,6.7035,7.3737,7.8007,2.9289,5.4109,4.2232,0,0,2.4211,1.4042,0.6667,0,2.3234,2.819,0.9952,0.0294,0.275,0,1.2525,0.7653,1.0232,0.1986,0,0,0,0,0,0,0,0,0,0,0,0,0,0,0,0,0,0,0,0,0,0,0,0,0,0,0,0,0,0,0,0,0,0,0,0,chr2LHet,271072,271560,106,1,31,2,87,110,100,145,126,367,22,227,43,333,276,353,367,377,0.752,0.0451,0.4652,0.0881,0.6824,0.5656,0.7234,0.752,0.7725,68,0,25,1,56,17,5,26,16,326,0,212,21,299,86,35,196,166,0.668,0,0.4344,0.043,0.6127,0.1762,0.0717,0.4016,0.3402,0,0,0,0,0,0,0,0,0,0,0,0,0,0,0,0,0,0,0,0,0,0,0,0,0,0,0,0,0,0,0,0,0,0,0,0,0,0,0,0,0,0,0,0,0,0,0,0,0,0,0,0,0,0
25.7912,chr2LHet,271881,272439,.,.,.,.,.,.,.,.,.,.,chr2LHet,271881,272439,558,23,19,9215,chr2LHet:271882-272439,http://10.60.70.183/cgi-bin/hgTracks?db=dm3&position=chr2LHet:271882-272439,chr2LHet:271882-272439,25.7912,0.7506,7.7053,0.1026,17.2334,26.8496,23.0248,41.6751,27.8119,18.4443,0.1643,6.4759,0,11.8047,0.9054,0.3798,5.0829,3.5066,0,0,0,0,0,0,0,0,0,0,0,0,0,0,0,0,0,0,chr2LHet,271881,272439,16.8416,8.9496,0.4568,0.2938,5.5623,2.143,0.05,0.0526,10.7731,6.4603,5.1719,21.6777,6.1488,16.876,12.4474,29.2277,5.7277,22.0842,12.0082,6.4361,0.1167,0.0476,4.7756,1.7003,0,0,7.1165,4.6882,0.159,0.7464,0.1082,0.2716,3.1818,1.9011,2.4251,1.0815,0,0,0,0,0,0,0,0,0,0,0,0,0,0,0,0,0,0,0,0,0,0,0,0,0,0,0,0,0,0,0,0,0,0,0,0,chr2LHet,271881,272439,268,10,81,2,208,210,167,350,211,540,162,495,46,512,532,507,535,518,0.9677,0.2903,0.8871,0.0824,0.9176,0.9534,0.9086,0.9588,0.9283,164,3,62,0,131,13,6,60,42,533,62,463,0,500,220,101,455,347,0.9552,0.1111,0.8297,0,0.8961,0.3943,0.181,0.8154,0.6219,0,0,0,0,0,0,0,0,0,0,0,0,0,0,0,0,0,0,0,0,0,0,0,0,0,0,0,0,0,0,0,0,0,0,0,0,0,0,0,0,0,0,0,0,0,0,0,0,0,0,0,0,0,0
28.2689,chr2LHet,288839,289018,.,.,.,.,.,.,.,.,.,.,chr2LHet,288839,289018,179,9,9,9224,chr2LHet:288840-289018,http://10.60.70.183/cgi-bin/hgTracks?db=dm3&position=chr2LHet:288840-289018,chr2LHet:288840-289018,28.2689,0.5555,5.9581,0.2222,21.5328,17.9442,18.083,22.8053,17.2636,17.7498,0.1111,3.986,0.2222,13.4303,2.1527,0.3333,3.6389,2.2638,2,0,0,0,2,0,2,3,2,1,0,0,0,1,0,0,0,0,chr2LHet,288839,289018,16.8886,11.3803,0.4444,0.1111,3.9304,2.0277,0.2222,0,12.2913,9.2415,15.0692,2.875,16.208,1.875,18.9026,3.9027,12.5553,4.7083,12.4027,5.3471,0.1111,0,2.9166,1.0694,0.2222,0,9.1526,4.2777,1.7777,0.375,0.3333,0,2.2917,1.3472,1.1666,1.0972,0,2,0,0,0,0,0,0,0,2,0,0,1,1,3,0,0,2,0,1,0,0,0,0,0,0,0,1,0,0,0,0,0,0,0,0,chr2LHet,288839,289018,65,5,22,1,55,66,59,78,63,108,38,79,21,83,41,104,88,85,0.6034,0.2123,0.4413,0.1173,0.4637,0.2291,0.581,0.4916,0.4749,28,1,11,1,25,12,3,14,12,82,21,56,21,61,36,23,61,38,0.4581,0.1173,0.3128,0.1173,0.3408,0.2011,0.1285,0.3408,0.2123,2,0,0,0,2,0,2,3,2,21,0,0,0,21,0,44,26,46,0.1173,0,0,0,0.1173,0,0.2458,0.1453,0.257,1,0,0,0,1,0,0,0,0,21,0,0,0,21,0,0,0,0,0.1173,0,0,0,0.1173,0,0,0,0
25.4412,chr2LHet,290469,290816,.,.,.,.,.,.,.,.,.,.,chr2LHet,290469,290816,347,36,30,9225,chr2LHet:290470-290816,http://10.60.70.183/cgi-bin/hgTracks?db=dm3&position=chr2LHet:290470-290816,chr2LHet:290470-290816,25.4412,0.5095,3.5766,0.2339,21.1211,45.9654,36.4649,54.6968,37.7416,17.5938,0.0667,2.7528,0.1679,14.6066,3.2434,2.0701,5.4925,3.4507,0,0,0,0,0,0,0,0,0,0,0,0,0,0,0,0,0,0,chr2LHet,290469,290816,11.5255,13.9157,0.1333,0.3762,0.9807,2.5959,0.1376,0.0963,10.2736,10.8475,20.1992,25.7662,11.1608,25.3041,23.8032,30.8936,15.7565,21.9851,9.149,8.4448,0.0667,0,0.9141,1.8387,0.1376,0.0303,8.0306,6.576,2.308,0.9354,1.2684,0.8017,2.4182,3.0743,1.559,1.8917,0,0,0,0,0,0,0,0,0,0,0,0,0,0,0,0,0,0,0,0,0,0,0,0,0,0,0,0,0,0,0,0,0,0,0,0,chr2LHet,290469,290816,155,9,40,6,132,161,166,226,175,314,87,222,66,309,311,293,334,285,0.9049,0.2507,0.6398,0.1902,0.8905,0.8963,0.8444,0.9625,0.8213,77,1,26,4,69,22,15,41,30,303,21,182,44,299,169,124,211,159,0.8732,0.0605,0.5245,0.1268,0.8617,0.487,0.3573,0.6081,0.4582,0,0,0,0,0,0,0,0,0,0,0,0,0,0,0,0,0,0,0,0,0,0,0,0,0,0,0,0,0,0,0,0,0,0,0,0,0,0,0,0,0,0,0,0,0,0,0,0,0,0,0,0,0,0
25.4412,chr2LHet,297133,297480,.,.,.,.,.,.,.,.,.,.,chr2LHet,297133,297480,347,36,30,9227,chr2LHet:297134-297480,http://10.60.70.183/cgi-bin/hgTracks?db=dm3&position=chr2LHet:297134-297480,chr2LHet:297134-297480,25.4412,0.5095,3.5766,0.2339,21.1211,45.9654,36.4649,54.6968,37.7416,17.5938,0.0667,2.7528,0.1679,14.6066,3.2434,2.0701,5.4925,3.4507,0,0,0,0,0,0,0,0,0,0,0,0,0,0,0,0,0,0,chr2LHet,297133,297480,11.5255,13.9157,0.1333,0.3762,0.9807,2.5959,0.1376,0.0963,10.2736,10.8475,20.1992,25.7662,11.1608,25.3041,23.8032,30.8936,15.7565,21.9851,9.149,8.4448,0.0667,0,0.9141,1.8387,0.1376,0.0303,8.0306,6.576,2.308,0.9354,1.2684,0.8017,2.4182,3.0743,1.559,1.8917,0,0,0,0,0,0,0,0,0,0,0,0,0,0,0,0,0,0,0,0,0,0,0,0,0,0,0,0,0,0,0,0,0,0,0,0,chr2LHet,297133,297480,155,9,40,6,132,161,166,226,175,314,87,222,66,309,311,293,334,285,0.9049,0.2507,0.6398,0.1902,0.8905,0.8963,0.8444,0.9625,0.8213,77,1,26,4,69,22,15,41,30,303,21,182,44,299,169,124,211,159,0.8732,0.0605,0.5245,0.1268,0.8617,0.487,0.3573,0.6081,0.4582,0,0,0,0,0,0,0,0,0,0,0,0,0,0,0,0,0,0,0,0,0,0,0,0,0,0,0,0,0,0,0,0,0,0,0,0,0,0,0,0,0,0,0,0,0,0,0,0,0,0,0,0,0,0
16.7108,chr2LHet,308675,308817,.,.,.,.,.,.,.,.,.,.,chr2LHet,308675,308817,142,15,12,9234,chr2LHet:308676-308817,http://10.60.70.183/cgi-bin/hgTracks?db=dm3&position=chr2LHet:308676-308817,chr2LHet:308676-308817,16.7108,0.0833,4.5557,0.4076,11.6639,6.4497,8.117,15.3094,4.2652,12.2528,0,3.3224,0.1,8.8301,0.4371,0.1833,4.4088,1.5667,4,0,2,0,2,0,4,5,1,2,0,1,0,1,0,0,2,1,chr2LHet,308675,308817,12.2271,4.4837,0.0833,0,2.9019,1.6538,0.1769,0.2307,9.0648,2.5991,5.537,0.9127,6.0777,2.0393,11.9856,3.3238,3.9512,0.314,10.576,1.6768,0,0,2.6686,0.6538,0.1,0,7.8072,1.0229,0.2833,0.1538,0.1833,0,3.8103,0.5985,1.5667,0,2,2,0,0,1,1,0,0,1,1,0,0,3,1,5,0,1,0,2,0,0,0,1,0,0,0,1,0,0,0,0,0,2,0,1,0,chr2LHet,308675,308817,51,1,16,5,40,34,26,69,23,129,23,88,76,126,111,117,128,109,0.9085,0.162,0.6197,0.5352,0.8873,0.7817,0.8239,0.9014,0.7676,27,0,12,1,24,4,2,19,5,122,0,81,21,121,66,42,110,51,0.8592,0,0.5704,0.1479,0.8521,0.4648,0.2958,0.7746,0.3592,3,0,2,0,2,0,4,5,1,32,0,32,0,31,0,62,36,21,0.2254,0,0.2254,0,0.2183,0,0.4366,0.2535,0.1479,1,0,1,0,1,0,0,2,1,21,0,21,0,21,0,0,30,21,0.1479,0,0.1479,0,0.1479,0,0,0.2113,0.1479
10.0972,chr2LHet,318632,318682,.,.,.,.,.,.,.,.,.,.,chr2LHet,318632,318682,50,28,13,9237,chr2LHet:318633-318682,http://10.60.70.183/cgi-bin/hgTracks?db=dm3&position=chr2LHet:318633-318682,chr2LHet:318633-318682,10.0972,2.8648,3.3939,0.2511,3.5875,27.935,27.3449,59.2341,36.206,5.8447,0.3855,2.8684,0,2.5909,10.3717,0.1538,1.4366,2.695,0,0,0,0,0,0,0,0,0,0,0,0,0,0,0,0,0,0,chr2LHet,318632,318682,7.7377,2.3595,2.2239,0.6409,2.3738,1.0201,0.2511,0,2.889,0.6985,27.8581,0.0769,27.3449,0,58.997,0.2371,35.7903,0.4157,4.6773,1.1674,0.3855,0,2.015,0.8534,0,0,2.2769,0.314,10.2948,0.0769,0.1538,0,1.3533,0.0833,2.2793,0.4157,0,0,0,0,0,0,0,0,0,0,0,0,0,0,0,0,0,0,0,0,0,0,0,0,0,0,0,0,0,0,0,0,0,0,0,0,chr2LHet,318632,318682,52,20,22,3,25,54,42,70,62,50,48,46,37,49,50,49,50,50,1,0.96,0.92,0.74,0.98,1,0.98,1,1,23,3,17,0,15,15,2,9,14,49,32,46,0,49,48,22,46,48,0.98,0.64,0.92,0,0.98,0.96,0.44,0.92,0.96,0,0,0,0,0,0,0,0,0,0,0,0,0,0,0,0,0,0,0,0,0,0,0,0,0,0,0,0,0,0,0,0,0,0,0,0,0,0,0,0,0,0,0,0,0,0,0,0,0,0,0,0,0,0
106.3919,chr2LHet,329817,329966,.,.,.,.,.,.,.,.,.,.,chr2LHet,329817,329966,149,40,8,9241,chr2LHet:329818-329966,http://10.60.70.183/cgi-bin/hgTracks?db=dm3&position=chr2LHet:329818-329966,chr2LHet:329818-329966,106.3919,21.5739,61.7088,0.4286,22.6806,248.364,122.4657,120.033,159.9986,69.4901,3.8958,51.2006,0,14.3937,109.2258,1.4125,6.1525,31.5697,0,0,0,0,0,0,0,0,0,0,0,0,0,0,0,0,0,0,chr2LHet,329817,329966,50.7798,55.6121,10.7568,10.8171,27.5894,34.1194,0.4286,0,12.0055,10.6751,194.5986,53.7654,120.7862,1.6795,112.9097,7.1233,139.6541,20.3445,33.0304,36.4597,1.917,1.9788,23.5365,27.6641,0,0,7.5771,6.8166,72.2662,36.9596,1.2508,0.1617,3.3464,2.8061,17.2185,14.3512,0,0,0,0,0,0,0,0,0,0,0,0,0,0,0,0,0,0,0,0,0,0,0,0,0,0,0,0,0,0,0,0,0,0,0,0,chr2LHet,329817,329966,239,108,114,1,107,366,162,265,291,148,136,148,25,147,148,147,148,148,0.9933,0.9128,0.9933,0.1678,0.9866,0.9933,0.9866,0.9933,0.9933,97,24,72,0,67,99,9,41,82,148,102,148,0,146,146,94,132,143,0.9933,0.6846,0.9933,0,0.9799,0.9799,0.6309,0.8859,0.9597,0,0,0,0,0,0,0,0,0,0,0,0,0,0,0,0,0,0,0,0,0,0,0,0,0,0,0,0,0,0,0,0,0,0,0,0,0,0,0,0,0,0,0,0,0,0,0,0,0,0,0,0,0,0
17.8176,chr2LHet,330885,331116,.,.,.,.,.,.,.,.,.,.,chr2LHet,330885,331116,231,31,25,9242,chr2LHet:330886-331116,http://10.60.70.183/cgi-bin/hgTracks?db=dm3&position=chr2LHet:330886-331116,chr2LHet:330886-331116,17.8176,1.1401,2.1997,0.8623,13.6156,43.7738,63.4792,50.1489,31.6922,11.2463,0.23,1.4178,0.1557,9.4429,2.1054,1.5722,8.4623,6.3291,0,0,0,0,0,0,0,0,0,0,0,0,0,0,0,0,0,0,chr2LHet,330885,331116,4.1381,13.6795,0.1202,1.0199,0.0812,2.1185,0.3418,0.5205,3.595,10.0206,4.2116,39.5622,10.6608,52.8184,7.1053,43.0436,1.9189,29.7733,2.808,8.4383,0,0.23,0,1.4178,0.1157,0.04,2.6923,6.7506,0.117,1.9884,0.1938,1.3784,0.9264,7.5359,0.0876,6.2415,0,0,0,0,0,0,0,0,0,0,0,0,0,0,0,0,0,0,0,0,0,0,0,0,0,0,0,0,0,0,0,0,0,0,0,0,chr2LHet,330885,331116,222,20,37,16,176,241,279,339,178,230,184,217,154,230,228,229,228,229,0.9957,0.7965,0.9394,0.6667,0.9957,0.987,0.9913,0.987,0.9913,118,5,23,3,108,15,15,49,17,229,70,176,45,229,150,134,190,198,0.9913,0.303,0.7619,0.1948,0.9913,0.6494,0.5801,0.8225,0.8571,0,0,0,0,0,0,0,0,0,0,0,0,0,0,0,0,0,0,0,0,0,0,0,0,0,0,0,0,0,0,0,0,0,0,0,0,0,0,0,0,0,0,0,0,0,0,0,0,0,0,0,0,0,0
13.7682,chr2LHet,331511,331630,.,.,.,.,.,.,.,.,.,.,chr2LHet,331511,331630,119,9,7,9244,chr2LHet:331512-331630,http://10.60.70.183/cgi-bin/hgTracks?db=dm3&position=chr2LHet:331512-331630,chr2LHet:331512-331630,13.7682,0.254,3.5658,0.1667,9.7824,2.7564,11.358,6.3099,1.3099,8.9941,0,3.0261,0,5.9686,0.4583,0.125,2.1433,0.5716,0,0,0,0,0,0,0,1,0,0,0,0,0,0,0,0,0,0,chr2LHet,331511,331630,4.4904,9.2778,0,0.254,1.0796,2.4862,0,0.1667,3.4111,6.3713,0.5954,2.161,1.8811,9.4769,3.6511,2.6588,0.1667,1.1432,2.7045,6.2896,0,0,1.0796,1.9465,0,0,1.6252,4.3434,0,0.4583,0,0.125,0.7145,1.4288,0,0.5716,0,0,0,0,0,0,0,0,0,0,0,0,0,0,1,0,0,0,0,0,0,0,0,0,0,0,0,0,0,0,0,0,0,0,0,0,chr2LHet,331511,331630,48,2,16,1,42,15,38,30,9,109,45,93,26,109,102,106,114,65,0.916,0.3782,0.7815,0.2185,0.916,0.8571,0.8908,0.958,0.5462,25,0,13,0,22,2,1,12,4,105,0,93,0,103,42,21,83,47,0.8824,0,0.7815,0,0.8655,0.3529,0.1765,0.6975,0.395,0,0,0,0,0,0,0,1,0,0,0,0,0,0,0,0,22,0,0,0,0,0,0,0,0,0.1849,0,0,0,0,0,0,0,0,0,0,0,0,0,0,0,0,0,0,0,0,0,0,0,0,0,0,0,0
13.6136,chr2LHet,331761,331950,.,.,.,.,.,.,.,.,.,.,chr2LHet,331761,331950,189,10,8.5,9245,chr2LHet:331762-331950,http://10.60.70.183/cgi-bin/hgTracks?db=dm3&position=chr2LHet:331762-331950,chr2LHet:331762-331950,13.6136,1.0722,1.6591,0,10.8823,5.9231,19.0856,8.213,1.611,11.0319,0.625,1.6591,0,8.7478,0.4333,0.3611,2.9083,0.375,0,0,0,0,0,0,0,0,0,0,0,0,0,0,0,0,0,0,chr2LHet,331761,331950,6.6741,6.9395,0.5972,0.475,0.5722,1.0869,0,0,5.5047,5.3776,0.3472,5.5759,4.1792,14.9064,2.8052,5.4078,0.375,1.236,5.1396,5.8923,0.25,0.375,0.5722,1.0869,0,0,4.3174,4.4304,0,0.4333,0.125,0.2361,2.0333,0.875,0.25,0.125,0,0,0,0,0,0,0,0,0,0,0,0,0,0,0,0,0,0,0,0,0,0,0,0,0,0,0,0,0,0,0,0,0,0,0,0,chr2LHet,331761,331950,82,7,9,0,72,34,76,55,13,179,74,111,0,179,132,180,175,87,0.9471,0.3915,0.5873,0,0.9471,0.6984,0.9524,0.9259,0.4603,63,3,9,0,57,3,3,22,3,179,33,111,0,179,39,63,153,43,0.9471,0.1746,0.5873,0,0.9471,0.2063,0.3333,0.8095,0.2275,0,0,0,0,0,0,0,0,0,0,0,0,0,0,0,0,0,0,0,0,0,0,0,0,0,0,0,0,0,0,0,0,0,0,0,0,0,0,0,0,0,0,0,0,0,0,0,0,0,0,0,0,0,0
14.4537,chr2LHet,336836,337070,.,.,.,.,.,.,.,.,.,.,chr2LHet,336836,337070,234,31,25,9248,chr2LHet:336837-337070,http://10.60.70.183/cgi-bin/hgTracks?db=dm3&position=chr2LHet:336837-337070,chr2LHet:336837-337070,14.4537,0.9149,1.7192,0.8623,10.9574,41.8281,57.6261,45.9962,28.9675,8.9911,0.0817,0.973,0.1557,7.7808,1.8789,1.075,8.1234,6.3254,0,0,0,0,0,1,0,1,0,0,0,0,0,0,0,0,0,0,chr2LHet,336836,337070,3.9074,10.5463,0.1202,0.7947,0.0812,1.638,0.3418,0.5205,3.3643,7.5931,4.0449,37.7832,10.2089,47.4172,6.5412,39.455,1.6754,27.2921,2.7311,6.26,0,0.0817,0,0.973,0.1157,0.04,2.6154,5.1654,0.117,1.7619,0.1938,0.8812,0.8495,7.2739,0.0876,6.2378,0,0,0,0,0,0,0,0,0,0,0,1,0,0,0,1,0,0,0,0,0,0,0,0,0,0,0,0,0,0,0,0,0,0,0,0,chr2LHet,336836,337070,193,16,30,16,152,212,223,303,151,232,175,212,154,232,231,228,233,228,0.9915,0.7479,0.906,0.6581,0.9915,0.9872,0.9744,0.9957,0.9744,105,2,17,3,98,12,10,44,17,231,42,155,45,231,130,111,186,181,0.9872,0.1795,0.6624,0.1923,0.9872,0.5556,0.4744,0.7949,0.7735,0,0,0,0,0,1,0,1,0,0,0,0,0,0,26,0,24,0,0,0,0,0,0,0.1111,0,0.1026,0,0,0,0,0,0,0,0,0,0,0,0,0,0,0,0,0,0,0,0,0,0,0,0,0,0,0,0
45.2739,chr2LHet,339142,339304,.,.,.,.,.,.,.,.,.,.,chr2LHet,339142,339304,162,17,11,9254,chr2LHet:339143-339304,http://10.60.70.183/cgi-bin/hgTracks?db=dm3&position=chr2LHet:339143-339304,chr2LHet:339143-339304,45.2739,0.7347,7.8982,1.8318,34.8089,39.8835,32.3408,68.6335,36.6599,33.6504,0,5.772,0.3857,27.4924,3.5772,0.9762,10.4981,5.0248,0,0,0,0,0,0,0,3,1,0,0,0,0,0,0,0,0,0,chr2LHet,339142,339304,33.8642,11.4097,0.4524,0.2823,6.287,1.6112,1.284,0.5478,25.8406,8.9683,20.9895,18.894,11.6226,20.7182,26.7611,41.8724,14.0519,22.608,26.3446,7.3058,0,0,4.7741,0.9979,0.3857,0,21.1846,6.3078,2.9862,0.591,0.5762,0.4,7.5997,2.8984,4.5972,0.4276,0,0,0,0,0,0,0,0,0,0,0,0,0,0,0,3,0,1,0,0,0,0,0,0,0,0,0,0,0,0,0,0,0,0,0,0,chr2LHet,339142,339304,133,7,42,11,107,125,114,211,122,153,85,113,127,150,146,144,155,151,0.9444,0.5247,0.6975,0.784,0.9259,0.9012,0.8889,0.9568,0.9321,69,0,28,2,63,14,7,42,22,150,0,105,33,150,120,74,142,103,0.9259,0,0.6481,0.2037,0.9259,0.7407,0.4568,0.8765,0.6358,0,0,0,0,0,0,0,3,1,0,0,0,0,0,0,0,28,29,0,0,0,0,0,0,0,0.1728,0.179,0,0,0,0,0,0,0,0,0,0,0,0,0,0,0,0,0,0,0,0,0,0,0,0,0,0,0
68.0931,chr2LHet,343898,344320,.,.,.,.,.,.,.,.,.,.,chr2LHet,343898,344320,422,36,10,9256,chr2LHet:343899-344320,http://10.60.70.183/cgi-bin/hgTracks?db=dm3&position=chr2LHet:343899-344320,chr2LHet:343899-344320,68.0931,1.4625,12.2137,0.5918,53.8247,73.7703,69.1068,157.4313,85.3128,42.6182,0.2667,9.3796,0.0476,32.9244,4.0916,2.2089,12.9262,7.7591,12,0,0,0,12,15,14,63,14,9,0,0,0,9,0,0,3,0,chr2LHet,343898,344320,21.5909,46.5022,0.5907,0.8718,2.5945,9.6192,0.1652,0.4266,18.2399,35.5848,35.6494,38.1209,45.6479,23.4589,67.267,90.1643,39.2746,46.0382,13.6229,28.9953,0.0667,0.2,2.1708,7.2088,0.0476,0,11.3376,21.5868,2.7243,1.3673,1.2381,0.9708,3.5445,9.3817,3.1321,4.627,3,9,0,0,0,0,0,0,3,9,1,14,1,13,27,36,1,13,1,8,0,0,0,0,0,0,1,8,0,0,0,0,0,3,0,0,chr2LHet,343898,344320,215,12,55,6,184,217,176,299,230,375,136,245,100,348,314,355,402,329,0.8886,0.3223,0.5806,0.237,0.8246,0.7441,0.8412,0.9526,0.7796,103,2,37,1,91,26,12,58,45,352,42,242,21,310,173,156,339,219,0.8341,0.0995,0.5735,0.0498,0.7346,0.41,0.3697,0.8033,0.519,11,0,0,0,11,11,10,47,10,150,0,0,0,150,135,150,256,148,0.3555,0,0,0,0.3555,0.3199,0.3555,0.6066,0.3507,8,0,0,0,8,0,0,3,0,115,0,0,0,115,0,0,53,0,0.2725,0,0,0,0.2725,0,0,0.1256,0
10.7397,chr2LHet,361464,361519,.,.,.,.,.,.,.,.,.,.,chr2LHet,361464,361519,55,44,27,9261,chr2LHet:361465-361519,http://10.60.70.183/cgi-bin/hgTracks?db=dm3&position=chr2LHet:361465-361519,chr2LHet:361465-361519,10.7397,0.5665,3.092,0.1686,6.9128,9.9957,7.6079,6.3263,11.7885,6.5402,0.0955,1.9738,0.1,4.3711,0.4782,0.5464,1.1648,1.0771,0,0,0,0,0,0,0,0,0,0,0,0,0,0,0,0,0,0,chr2LHet,361464,361519,8.5541,2.1856,0.3252,0.2413,2.3725,0.7195,0.1686,0,5.6877,1.2251,6.3458,3.6499,3.2647,4.3432,4.0964,2.2299,7.5092,4.2793,5.216,1.3242,0.05,0.0455,1.4234,0.5504,0.1,0,3.6426,0.7285,0.16,0.3182,0.16,0.3864,0.6934,0.4714,0.8335,0.2436,0,0,0,0,0,0,0,0,0,0,0,0,0,0,0,0,0,0,0,0,0,0,0,0,0,0,0,0,0,0,0,0,0,0,0,0,chr2LHet,361464,361519,73,12,33,4,52,69,46,68,77,55,43,55,44,54,53,52,53,55,1,0.7818,1,0.8,0.9818,0.9636,0.9455,0.9636,1,27,2,18,2,24,5,5,14,18,55,31,55,23,54,44,44,51,54,1,0.5636,1,0.4182,0.9818,0.8,0.8,0.9273,0.9818,0,0,0,0,0,0,0,0,0,0,0,0,0,0,0,0,0,0,0,0,0,0,0,0,0,0,0,0,0,0,0,0,0,0,0,0,0,0,0,0,0,0,0,0,0,0,0,0,0,0,0,0,0,0
